,,,,,,,Analysis:,,,,Proposed Model:,,,Proposed Model,,,,,,,,,,,,,,,Proposed Model,,,,,,,,,,,,,Proposed Model,,,,,,,,,,,,,Proposed Model,,,,,,,,,,,,,,,Proposed Model,,,Proposed Model,,,,,,Standard Model:,,,Standard Model,,,,,,,,,,,,,,,Standard Model,,,,,,,,,,,,,Standard Model,,,,,,,,,,,,,Standard Model,,,,,,,,,,,,,,,Standard Model,,,Standard Model,,,,,,Proposed Model,,,,,,,,,,,,,,,Standard Model,,,,,,,,,,,,,,,Calling,Compliance,,,,Secondary,,
,,,,,Conditioned Floor,Total Floor,,,Pass /,Compliance,Elapsed,,,Electric Energy Consumption (kWh),,,,,,,,,,,,,,,Natural Gas Energy Consumption (therms),,,,,,,,,,,,,Propane Energy Consumption (MBtu),,,,,,,,,,,,,Time Dependent Valuation (kTDV/ft2),,,,,,,,,,,,,,,TDV by Fuel (kTDV/ft2),,,Cooling Unmet Load Hours,,,Heating Unmet Load Hours,,,Elapsed,,,Electric Energy Consumption (kWh),,,,,,,,,,,,,,,Natural Gas Energy Consumption (therms),,,,,,,,,,,,,Propane Energy Consumption (MBtu),,,,,,,,,,,,,Time Dependent Valuation (kTDV/ft2),,,,,,,,,,,,,,,TDV by Fuel (kTDV/ft2),,,Cooling Unmet Load Hours,,,Heating Unmet Load Hours,,,Generation Coincident Peak Demand (kW),,,,,,,,,,,,,,,Generation Coincident Peak Demand (kW),,,,,,,,,,,,,,,Application,Manager,Ruleset,OpenStudio,EnergyPlus,Simulation,,
Directory,Start Date & Time,Filename (saved to),Run Title,Weather Station,Area (SqFt),Area (SqFt),Analysis Type,Elapsed Time,Fail,Margin,Time,Rule Eval Status,Simulation Status,Spc Heating,Spc Cooling,Indoor Fans,Ht Reject,Pumps & Misc,Domestic Hot Water,Indoor Lighting,Comp Total,Receptacle,Process,Other Ltg,Proc Mtrs,PV,Battery,TOTAL,Spc Heating,Spc Cooling,Indoor Fans,Ht Reject,Pumps & Misc,Domestic Hot Water,Indoor Lighting,Comp Total,Receptacle,Process,Other Ltg,Proc Mtrs,TOTAL,Spc Heating,Spc Cooling,Indoor Fans,Ht Reject,Pumps & Misc,Domestic Hot Water,Indoor Lighting,Comp Total,Receptacle,Process,Other Ltg,Proc Mtrs,TOTAL,Spc Heating,Spc Cooling,Indoor Fans,Ht Reject,Pumps & Misc,Domestic Hot Water,Indoor Lighting,Comp Total,Receptacle,Process,Other Ltg,Proc Mtrs,PV,Battery,TOTAL,Electric,Natural Gas,Propane,Zone Max,Zone Name,Num Zones Exceed Max,Zone Max,Zone Name,Num Zones Exceed Max,Time,Rule Eval Status,Simulation Status,Spc Heating,Spc Cooling,Indoor Fans,Ht Reject,Pumps & Misc,Domestic Hot Water,Lighting,Comp Total,Receptacle,Process,Other Ltg,Proc Mtrs,PV,Battery,TOTAL,Spc Heating,Spc Cooling,Indoor Fans,Ht Reject,Pumps & Misc,Domestic Hot Water,Indoor Lighting,Comp Total,Receptacle,Process,Other Ltg,Proc Mtrs,TOTAL,Spc Heating,Spc Cooling,Indoor Fans,Ht Reject,Pumps & Misc,Domestic Hot Water,Indoor Lighting,Comp Total,Receptacle,Process,Other Ltg,Proc Mtrs,TOTAL,Spc Heating,Spc Cooling,Indoor Fans,Ht Reject,Pumps & Misc,Domestic Hot Water,Indoor Lighting,Comp Total,Receptacle,Process,Other Ltg,Proc Mtrs,PV,Battery,TOTAL,Electric,Natural Gas,Propane,Zone Max,Zone Name,Num Zones Exceed Max,Zone Max,Zone Name,Num Zones Exceed Max,Spc Heating,Spc Cooling,Indoor Fans,Ht Reject,Pumps & Misc,Domestic Hot Water,Indoor Lighting,Comp Total,Receptacle,Process,Other Ltg,Proc Mtrs,PV,Battery,TOTAL,Spc Heating,Spc Cooling,Indoor Fans,Ht Reject,Pumps & Misc,Domestic Hot Water,Indoor Lighting,Comp Total,Receptacle,Process,Other Ltg,Proc Mtrs,PV,Battery,TOTAL,Version,Version,Version,Version,Version,Version,Weather File Path,Project Path
mumr-baseline/cz01,2020-01-09 14:13:07,"instance","Mid-Rise Mixed-Use (5-story)","CTZ01S22A","Pol  0% RetAdd NoLeak",113100,141000,"Title24Compliance",5:00,FAIL,-2.07,"--","--","Successful (221 warnings)",21.1477,9757.13,38276.1,0,319.303,18876.4,81988.7,149239,217441,0,149101,34551.8,0,0,550333,8188.96,0,0,0,0,10973.8,0,19162.8,586.724,0,0,0,19749.5,0,0,0,0,0,0,0,0,0,0,0,0,0,18.249,2.33698,9.38289,0,0.0787464,27.763,18.9221,76.7327,57.1167,0,40.6046,8.51343,0,0,182.967,140.261,42.7061,0,189,"Thermal Zone: F5 Corridor",0,378.25,"Thermal Zone: F5 Corridor",0,"--","--","Successful (223 warnings)",31.3894,9476.88,37999.6,0,124.245,18873.9,81988.7,148495,217441,0,149101,34551.8,0,0,549589,7324.6,0,0,0,0,10973.8,0,18298.4,586.724,0,0,0,18885.1,0,0,0,0,0,0,0,0,0,0,0,0,0,16.4232,2.2526,9.27606,0,0.0336703,27.7639,18.9221,74.6716,57.1167,0,40.6046,8.51343,0,0,180.906,140.029,40.8774,0,0,,0,0,,0,0.000961731,6.13722,5.78174,0,0.0538504,2.90891,14.3374,29.2201,38.321,0,25.7371,3.94427,0,0,97.2225,0.00125379,5.95797,5.98911,0,0.00842949,2.90247,14.3374,29.1967,38.321,0,25.7371,3.94427,0,0,97.199,"CBECC-Com 2022.0.1 RV (1113)","BEMCmpMgr 2022.0.1 RV (6107)","CA 2022 Nonresidential, Vers. 1.0 Alpha","1.11.3.f52686d8e1","9.0.1-bb7ca4f0da","CSE19 0.865.0+dhwloop.68861ec.94 EXE","C:\Users\agoyal\Documents\CBECC-Com 2022 Data\EPW\","C:\Users\agoyal\Documents\GitHub\T24-2022-CASE-Modeling\framework\analysis\hvac\runs\mumr-baseline\cz01\",0.00327809,1.31201,5.75576,0,0.0408797,2.54868,9.06502,18.73,32.1279,0,25.58,5.65158,0,0,82.09,3.9265,0,0,0,0,5.2618,0,9.19,0.281326,0,0,0,9.47,0.00510017,1.24927,5.66376,0,0.0227078,2.5539,9.06502,18.56,32.1279,0,25.58,5.65158,0,0,81.92,3.51205,0,0,0,0,5.2618,0,8.77,0.281326,0,0,0,9.05,6.74379,0.218525,0.958664,0,0.0068088,9.46096,1.50985,18.8986,5.83428,0,4.26052,0.941311,0,0,29.9347,6.03233,0.208076,0.94334,0,0.00378214,9.46183,1.50985,18.1592,5.83428,0,4.26052,0.941311,0,0,29.1953,
mumr-baseline/cz02,2020-01-09 14:18:13,"instance","Mid-Rise Mixed-Use (5-story)","CTZ02S22A","Pol  0% RetAdd NoLeak",113100,141000,"Title24Compliance",4:51,PASS,0.71,"--","--","Successful (221 warnings)",12.1393,69926,45051.6,0,266.258,18144.7,81930,215331,217441,0,149101,34551.8,0,0,616425,5201.34,0,0,0,0,10012.8,0,15214.2,586.724,0,0,0,15800.9,0,0,0,0,0,0,0,0,0,0,0,0,0,12.0039,26.0388,12.1593,0,0.060784,25.6486,19.575,95.4863,55.5452,0,38.181,8.44143,0,0,197.654,163.154,34.4999,0,1069.5,"Thermal Zone: F5 Corridor",0,281.75,"Thermal Zone: F5 Corridor",0,"--","--","Successful (225 warnings)",19.1409,75204.9,45383,0,85.2921,18149.3,81930,220772,217441,0,149101,34551.8,0,0,621866,4556.27,0,0,0,0,10012.8,0,14569.1,586.724,0,0,0,15155.8,0,0,0,0,0,0,0,0,0,0,0,0,0,10.564,27.9498,12.4355,0,0.021276,25.6501,19.575,96.1956,55.5452,0,38.181,8.44143,0,0,198.363,165.305,33.0582,0,0,,0,0,,0,7.926e-05,27.5205,8.50819,0,0.0459965,2.75638,14.3388,53.17,38.321,0,25.7371,3.94427,0,0,121.172,3.30539e-05,28.7483,8.85248,0,0.00441454,2.74474,14.3388,54.6888,38.321,0,25.7371,3.94427,0,0,122.691,"CBECC-Com 2022.0.1 RV (1113)","BEMCmpMgr 2022.0.1 RV (6107)","CA 2022 Nonresidential, Vers. 1.0 Alpha","1.11.3.f52686d8e1","9.0.1-bb7ca4f0da","CSE19 0.865.0+dhwloop.68861ec.94 EXE","C:\Users\agoyal\Documents\CBECC-Com 2022 Data\EPW\","C:\Users\agoyal\Documents\GitHub\T24-2022-CASE-Modeling\framework\analysis\hvac\runs\mumr-baseline\cz02\",0.00219991,7.37672,6.43984,0,0.035842,2.45985,9.05248,25.37,32.1279,0,25.58,5.65158,0,0,88.73,2.49397,0,0,0,0,4.80101,0,7.29,0.281326,0,0,0,7.57,0.00358437,7.67609,6.39283,0,0.0163689,2.46575,9.05248,25.61,32.1279,0,25.58,5.65158,0,0,88.97,2.18467,0,0,0,0,4.80101,0,6.98,0.281326,0,0,0,7.26,4.28344,1.22865,1.0726,0,0.00596974,8.65482,1.50776,16.7532,5.83428,0,4.26052,0.941311,0,0,27.7893,3.75248,1.27851,1.06477,0,0.00272636,8.6558,1.50776,16.262,5.83428,0,4.26052,0.941311,0,0,27.2982,
mumr-baseline/cz03,2020-01-09 14:23:29,"instance","Mid-Rise Mixed-Use (5-story)","CTZ03S22A","Pol  0% RetAdd NoLeak",113100,141000,"Title24Compliance",5:02,FAIL,-1.52,"--","--","Successful (221 warnings)",11.0857,47507,41272.4,0,296.513,18055.1,81875.3,189017,217441,0,149101,34551.8,0,0,590111,4344.18,0,0,0,0,9989.59,0,14333.8,586.724,0,0,0,14920.5,0,0,0,0,0,0,0,0,0,0,0,0,0,9.94249,16.917,10.7766,0,0.0713111,25.523,19.2893,82.5197,56.3362,0,39.3474,8.48694,0,0,186.69,154.342,32.3483,0,952.5,"Thermal Zone: F5 Corridor",0,196,"Thermal Zone: F5 Corridor",0,"--","--","Successful (223 warnings)",16.4139,48776.3,41639.7,0,89.4385,18060.6,81875.3,190458,217441,0,149101,34551.8,0,0,591552,3473.93,0,0,0,0,9989.59,0,13463.5,586.724,0,0,0,14050.2,0,0,0,0,0,0,0,0,0,0,0,0,0,7.99383,17.232,10.9464,0,0.0233398,25.5238,19.2893,81.0087,56.3362,0,39.3474,8.48694,0,0,185.179,154.781,30.3983,0,0,,0,0,,0,0.000131011,15.7471,6.87247,0,0.0525068,2.77277,14.3426,39.7876,38.321,0,25.7371,3.94427,0,0,107.79,9.72292e-05,16.0817,7.15948,0,0.00728734,2.76937,14.3426,40.3606,38.321,0,25.7371,3.94427,0,0,108.363,"CBECC-Com 2022.0.1 RV (1113)","BEMCmpMgr 2022.0.1 RV (6107)","CA 2022 Nonresidential, Vers. 1.0 Alpha","1.11.3.f52686d8e1","9.0.1-bb7ca4f0da","CSE19 0.865.0+dhwloop.68861ec.94 EXE","C:\Users\agoyal\Documents\CBECC-Com 2022 Data\EPW\","C:\Users\agoyal\Documents\GitHub\T24-2022-CASE-Modeling\framework\analysis\hvac\runs\mumr-baseline\cz03\",0.00202435,4.87201,5.95538,0,0.0380003,2.4487,9.0474,22.37,32.1279,0,25.58,5.65158,0,0,85.73,2.08297,0,0,0,0,4.78987,0,6.87,0.281326,0,0,0,7.15,0.00308605,5.04146,5.93368,0,0.0168917,2.4555,9.0474,22.5,32.1279,0,25.58,5.65158,0,0,85.86,1.6657,0,0,0,0,4.78987,0,6.46,0.281326,0,0,0,6.74,3.57758,0.811468,0.991911,0,0.00632922,8.63383,1.50691,15.528,5.83428,0,4.26052,0.941311,0,0,26.5641,2.86114,0.839691,0.988296,0,0.00281343,8.63497,1.50691,14.8338,5.83428,0,4.26052,0.941311,0,0,25.8699,
mumr-baseline/cz04,2020-01-13 12:32:35,"instance","Mid-Rise Mixed-Use (5-story)","CTZ04S22A","Pol  0% RetAdd NoLeak",113100,141000,"Title24Compliance",4:01,FAIL,-1.04,"--","--","Successful (221 warnings)",8.7682,90235.7,46858.7,0,244.598,17819.4,81922.8,237090,217441,0,149101,34551.8,0,0,638184,3453.64,0,0,0,0,9413.3,0,12866.9,586.724,0,0,0,13453.7,0,0,0,0,0,0,0,0,0,0,0,0,0,8.03465,31.0239,12.747,0,0.0556529,24.3442,19.5752,95.7806,55.6091,0,38.1954,8.50068,0,0,198.086,168.807,29.2785,0,1384.25,"Thermal Zone: F5 Corridor",0,162.25,"Thermal Zone: F5 Corridor",0,"--","--","Successful (223 warnings)",13.274,91549.8,47326,0,74.3735,17827.2,81922.8,238713,217441,0,149101,34551.8,0,0,639807,2789.98,0,0,0,0,9413.3,0,12203.3,586.724,0,0,0,12790,0,0,0,0,0,0,0,0,0,0,0,0,0,6.51089,31.2977,12.9887,0,0.0191927,24.3447,19.5752,94.7364,55.6091,0,38.1954,8.50068,0,0,197.042,169.288,27.7536,0,0,,0,0,,0,4.16597e-05,33.7611,9.17419,0,0.0362566,2.68315,14.3405,59.9952,38.321,0,25.7371,3.94427,0,0,127.998,1.56777e-05,33.3983,9.34856,0,0.00288975,2.71198,14.3405,59.8022,38.321,0,25.7371,3.94427,0,0,127.805,"CBECC-Com 2022.0.1 RV (1113)","BEMCmpMgr 2022.0.1 RV (6107)","CA 2022 Nonresidential, Vers. 1.0 Alpha","1.11.3.f52686d8e1","9.0.1-bb7ca4f0da","CSE19 0.865.0+dhwloop.68861ec.94 EXE","C:\Users\agoyal\Documents\CBECC-Com 2022 Data\EPW\","C:\Users\agoyal\Documents\GitHub\T24-2022-CASE-Modeling\framework\analysis\hvac\runs\mumr-baseline\cz04\",0.00168879,9.98962,6.59308,0,0.0339047,2.41936,9.04923,28.08,32.1279,0,25.58,5.65158,0,0,91.44,1.65597,0,0,0,0,4.51355,0,6.17,0.281326,0,0,0,6.45,0.00258998,9.95574,6.54719,0,0.0142142,2.42666,9.04923,28,32.1279,0,25.58,5.65158,0,0,91.36,1.33776,0,0,0,0,4.51355,0,5.85,0.281326,0,0,0,6.13,2.8442,1.66384,1.09812,0,0.00564707,8.15439,1.50722,15.2734,5.83428,0,4.26052,0.941311,0,0,26.3095,2.29785,1.6582,1.09048,0,0.00236748,8.15561,1.50722,14.7117,5.83428,0,4.26052,0.941311,0,0,25.7478,
mumr-baseline/cz05,2020-01-09 15:21:57,"instance","Mid-Rise Mixed-Use (5-story)","CTZ05S22A","Pol  0% RetAdd NoLeak",113100,141000,"Title24Compliance",5:10,FAIL,-1.30,"--","--","Successful (221 warnings)",10.0308,53851.1,41889.5,0,296.492,18200.5,81881.9,196130,217441,0,149101,34551.8,0,0,597224,4036.98,0,0,0,0,9992.42,0,14029.4,586.724,0,0,0,14616.1,0,0,0,0,0,0,0,0,0,0,0,0,0,9.14094,13.9403,10.4126,0,0.0730327,25.5566,18.9723,78.0958,56.8481,0,40.2183,8.53459,0,0,183.697,152.152,31.5448,0,1130.25,"Thermal Zone: F5 Corridor",0,239,"Thermal Zone: F5 Corridor",0,"--","--","Successful (223 warnings)",15.4685,55669.7,42663.4,0,88.9004,18204.6,81881.9,198524,217441,0,149101,34551.8,0,0,599618,3264.63,0,0,0,0,9992.42,0,13257.1,586.724,0,0,0,13843.8,0,0,0,0,0,0,0,0,0,0,0,0,0,7.42086,14.269,10.5513,0,0.0239593,25.558,18.9723,76.7954,56.8481,0,40.2183,8.53459,0,0,182.396,152.573,29.8233,0,0,,0,0,,0,0.000141655,15.0911,6.87192,0,0.0530934,2.80812,14.3871,39.2115,38.321,0,25.7371,3.94427,0,0,107.214,0.000100245,15.3651,7.22874,0,0.00724614,2.80831,14.3871,39.7966,38.321,0,25.7371,3.94427,0,0,107.799,"CBECC-Com 2022.0.1 RV (1113)","BEMCmpMgr 2022.0.1 RV (6107)","CA 2022 Nonresidential, Vers. 1.0 Alpha","1.11.3.f52686d8e1","9.0.1-bb7ca4f0da","CSE19 0.865.0+dhwloop.68861ec.94 EXE","C:\Users\agoyal\Documents\CBECC-Com 2022 Data\EPW\","C:\Users\agoyal\Documents\GitHub\T24-2022-CASE-Modeling\framework\analysis\hvac\runs\mumr-baseline\cz05\",0.00193959,4.81176,5.96921,0,0.0378295,2.46622,9.03552,22.33,32.1279,0,25.58,5.65158,0,0,85.69,1.93568,0,0,0,0,4.79123,0,6.73,0.281326,0,0,0,7.01,0.00305032,4.98571,5.97491,0,0.0169543,2.47197,9.03552,22.49,32.1279,0,25.58,5.65158,0,0,85.85,1.56535,0,0,0,0,4.79123,0,6.36,0.281326,0,0,0,6.64,3.32459,0.801433,0.994214,0,0.00630078,8.63908,1.50493,15.2706,5.83428,0,4.26052,0.941311,0,0,26.3067,2.68879,0.830406,0.995165,0,0.00282386,8.64004,1.50493,14.6622,5.83428,0,4.26052,0.941311,0,0,25.6983,
mumr-baseline/cz06,2020-01-09 15:26:54,"instance","Mid-Rise Mixed-Use (5-story)","CTZ06S22A","Pol  0% RetAdd NoLeak",113100,141000,"Title24Compliance",4:39,FAIL,-0.07,"--","--","Successful (221 warnings)",4.23812,106874,47604.2,0,238.587,17333.9,81896.4,253952,217441,0,149101,34551.8,0,0,655046,1709.27,0,0,0,0,9063.47,0,10772.7,586.724,0,0,0,11359.5,0,0,0,0,0,0,0,0,0,0,0,0,0,4.01089,29.7884,12.1208,0,0.0555663,23.5417,19.5331,89.0504,55.8361,0,38.5314,8.48548,0,0,191.903,167.306,24.5973,0,1814.75,"Thermal Zone: F5 Corridor",0,56,"Thermal Zone: F5 Corridor",0,"--","--","Successful (223 warnings)",6.69078,109508,48665.9,0,44.0972,17346.6,81896.4,257468,217441,0,149101,34551.8,0,0,658562,1298.31,0,0,0,0,9063.47,0,10361.8,586.724,0,0,0,10948.5,0,0,0,0,0,0,0,0,0,0,0,0,0,3.04269,30.4254,12.4211,0,0.011152,23.5465,19.5331,88.98,55.8361,0,38.5314,8.48548,0,0,191.833,168.204,23.6285,0,0,,0,0,,0,5.45846e-05,33.2954,8.52388,0,0.0430758,2.63376,14.4229,58.9191,38.321,0,25.7371,3.94427,0,0,126.921,2.38157e-05,33.0371,8.66426,0,0.00385926,2.6299,14.4229,58.758,38.321,0,25.7371,3.94427,0,0,126.76,"CBECC-Com 2022.0.1 RV (1113)","BEMCmpMgr 2022.0.1 RV (6107)","CA 2022 Nonresidential, Vers. 1.0 Alpha","1.11.3.f52686d8e1","9.0.1-bb7ca4f0da","CSE19 0.865.0+dhwloop.68861ec.94 EXE","C:\Users\agoyal\Documents\CBECC-Com 2022 Data\EPW\","C:\Users\agoyal\Documents\GitHub\T24-2022-CASE-Modeling\framework\analysis\hvac\runs\mumr-baseline\cz06\",0.000897965,10.8645,6.51781,0,0.0320929,2.3654,9.03077,28.81,32.22,0,25.6908,5.68613,0,0,92.41,0.81957,0,0,0,0,4.34581,0,5.17,0.281326,0,0,0,5.45,0.00141081,11.0897,6.53677,0,0.00804164,2.37274,9.03077,29.04,32.22,0,25.6908,5.68613,0,0,92.64,0.62252,0,0,0,0,4.34581,0,4.97,0.281326,0,0,0,5.25,1.38786,1.80956,1.08559,0,0.00534529,7.75238,1.50414,13.5449,5.84282,0,4.27899,0.947065,0,0,24.6138,1.0543,1.84707,1.08875,0,0.00133939,7.75361,1.50414,13.2492,5.84282,0,4.27899,0.947065,0,0,24.3181,
mumr-baseline/cz07,2020-01-09 15:32:03,"instance","Mid-Rise Mixed-Use (5-story)","CTZ07S22A","Pol  0% RetAdd NoLeak",113100,141000,"Title24Compliance",4:52,FAIL,-0.41,"--","--","Successful (221 warnings)",3.556,95486.8,46537.2,0,242.995,17145.7,81784.3,241201,217441,0,149101,34551.8,0,0,642295,1413.59,0,0,0,0,9032.95,0,10446.5,586.724,0,0,0,11033.3,0,0,0,0,0,0,0,0,0,0,0,0,0,3.32411,26.4236,11.6827,0,0.058807,23.4641,19.187,84.1403,56.2743,0,39.3455,8.4861,0,0,188.246,164.342,23.9038,0,1598.75,"Thermal Zone: F5 Corridor",0,14,"Thermal Zone: F5 Corridor",0,"--","--","Successful (223 warnings)",5.49521,97618.4,47718.3,0,40,17160.5,81784.3,244327,217441,0,149101,34551.8,0,0,645421,1104.06,0,0,0,0,9032.95,0,10137,586.724,0,0,0,10723.7,0,0,0,0,0,0,0,0,0,0,0,0,0,2.60411,26.5554,11.8857,0,0.0100706,23.4675,19.187,83.7098,56.2743,0,39.3455,8.4861,0,0,187.816,164.632,23.1833,0,0,,0,0,,0,5.27671e-05,30.7073,8.32261,0,0.0431,2.61635,14.4463,56.1357,38.321,0,25.7371,3.94427,0,0,124.138,2.37006e-05,30.0388,8.38089,0,0.0035594,2.62173,14.4463,55.4913,38.321,0,25.7371,3.94427,0,0,123.494,"CBECC-Com 2022.0.1 RV (1113)","BEMCmpMgr 2022.0.1 RV (6107)","CA 2022 Nonresidential, Vers. 1.0 Alpha","1.11.3.f52686d8e1","9.0.1-bb7ca4f0da","CSE19 0.865.0+dhwloop.68861ec.94 EXE","C:\Users\agoyal\Documents\CBECC-Com 2022 Data\EPW\","C:\Users\agoyal\Documents\GitHub\T24-2022-CASE-Modeling\framework\analysis\hvac\runs\mumr-baseline\cz07\",0.000710314,10.9062,6.50624,0,0.0319621,2.33582,9.01562,28.81,32.1393,0,25.6212,5.66933,0,0,92.24,0.677798,0,0,0,0,4.33118,0,5.01,0.281326,0,0,0,5.29,0.00110121,10.6839,6.47373,0,0.0069184,2.34284,9.01562,28.52,32.1393,0,25.6212,5.66933,0,0,91.95,0.529382,0,0,0,0,4.33118,0,4.86,0.281326,0,0,0,5.14,1.14778,1.8165,1.08366,0,0.00532352,7.72268,1.50162,13.2776,5.82938,0,4.26739,0.944267,0,0,24.3186,0.896543,1.77949,1.07825,0,0.00115231,7.72385,1.50162,12.9809,5.82938,0,4.26739,0.944267,0,0,24.0219,
mumr-baseline/cz08,2020-01-09 15:37:47,"instance","Mid-Rise Mixed-Use (5-story)","CTZ08S22A","Pol  0% RetAdd NoLeak",113100,141000,"Title24Compliance",5:26,FAIL,-0.40,"--","--","Successful (221 warnings)",3.85516,127383,51206.6,0,212.407,17045.7,81958.2,277810,217441,0,149101,34551.8,0,0,678904,1616.02,0,0,0,0,8760.96,0,10377,586.724,0,0,0,10963.7,0,0,0,0,0,0,0,0,0,0,0,0,0,3.82559,37.5359,13.5535,0,0.0475228,22.9048,19.9668,97.834,55.4267,0,37.5962,8.5205,0,0,199.377,175.586,23.7913,0,2074,"Thermal Zone: F5 Corridor",0,59.75,"Thermal Zone: F5 Corridor",0,"--","--","Successful (223 warnings)",6.12508,128448,51998.5,0,43.793,17061.3,81958.2,279516,217441,0,149101,34551.8,0,0,680610,1213.7,0,0,0,0,8760.96,0,9974.66,586.724,0,0,0,10561.4,0,0,0,0,0,0,0,0,0,0,0,0,0,2.87849,37.7988,13.8684,0,0.01097,22.908,19.9668,97.4314,55.4267,0,37.5962,8.5205,0,0,198.975,176.131,22.8436,0,0,,0,0,,0,2.47432e-05,39.2652,9.76648,0,0.0257758,2.58123,14.4245,66.0632,38.321,0,25.7371,3.94427,0,0,134.066,1.00159e-05,38.5399,9.81732,0,0.00202157,2.59482,14.4245,65.3787,38.321,0,25.7371,3.94427,0,0,133.381,"CBECC-Com 2022.0.1 RV (1113)","BEMCmpMgr 2022.0.1 RV (6107)","CA 2022 Nonresidential, Vers. 1.0 Alpha","1.11.3.f52686d8e1","9.0.1-bb7ca4f0da","CSE19 0.865.0+dhwloop.68861ec.94 EXE","C:\Users\agoyal\Documents\CBECC-Com 2022 Data\EPW\","C:\Users\agoyal\Documents\GitHub\T24-2022-CASE-Modeling\framework\analysis\hvac\runs\mumr-baseline\cz08\",0.000836227,13.6416,6.95808,0,0.0300031,2.33087,9.03796,32,32.22,0,25.6908,5.68613,0,0,95.6,0.774861,0,0,0,0,4.20076,0,4.97,0.281326,0,0,0,5.25,0.00132141,13.5328,6.92144,0,0.0079828,2.33904,9.03796,31.84,32.22,0,25.6908,5.68613,0,0,95.44,0.581954,0,0,0,0,4.20076,0,4.78,0.281326,0,0,0,5.06,1.31215,2.27212,1.15892,0,0.00499722,7.50103,1.50534,13.7546,5.84282,0,4.27899,0.947065,0,0,24.8234,0.985596,2.254,1.15282,0,0.00132959,7.50239,1.50534,13.4015,5.84282,0,4.27899,0.947065,0,0,24.4703,
mumr-baseline/cz09,2020-01-09 15:44:25,"instance","Mid-Rise Mixed-Use (5-story)","CTZ09S22A","Pol  0% RetAdd NoLeak",113100,141000,"Title24Compliance",6:20,PASS,0.40,"--","--","Successful (221 warnings)",5.03172,122771,51730.6,0,205.382,17110.2,81988.8,273811,217441,0,149101,34551.8,0,0,674905,2077.13,0,0,0,0,8848.16,0,10925.3,586.724,0,0,0,11512,0,0,0,0,0,0,0,0,0,0,0,0,0,4.91058,37.7128,13.8093,0,0.0453574,23.111,20.0385,99.6276,55.3646,0,37.4912,8.49678,0,0,200.98,175.906,25.074,0,2137.25,"Thermal Zone: F5 Corridor",0,117.5,"Thermal Zone: F5 Corridor",0,"--","--","Successful (225 warnings)",7.88913,126443,51595.1,0,48.3092,17125.3,81988.8,277209,217441,0,149101,34551.8,0,0,678303,1611.11,0,0,0,0,8848.16,0,10459.3,586.724,0,0,0,11046,0,0,0,0,0,0,0,0,0,0,0,0,0,3.82046,39.1034,13.948,0,0.0120708,23.1147,20.0385,100.037,55.3646,0,37.4912,8.49678,0,0,201.39,177.407,23.9832,0,0,,0,0,,0,1.60887e-05,41.1263,10.1449,0,0.018003,2.56359,14.4246,68.2774,38.321,0,25.7371,3.94427,0,0,136.28,6.91603e-06,42.8031,10.2157,0,0.00115382,2.56607,14.4246,70.0106,38.321,0,25.7371,3.94427,0,0,138.013,"CBECC-Com 2022.0.1 RV (1113)","BEMCmpMgr 2022.0.1 RV (6107)","CA 2022 Nonresidential, Vers. 1.0 Alpha","1.11.3.f52686d8e1","9.0.1-bb7ca4f0da","CSE19 0.865.0+dhwloop.68861ec.94 EXE","C:\Users\agoyal\Documents\CBECC-Com 2022 Data\EPW\","C:\Users\agoyal\Documents\GitHub\T24-2022-CASE-Modeling\framework\analysis\hvac\runs\mumr-baseline\cz09\",0.00105222,13.3217,7.03926,0,0.0294062,2.33792,9.04038,31.77,32.22,0,25.6908,5.68613,0,0,95.37,0.995956,0,0,0,0,4.24257,0,5.24,0.281326,0,0,0,5.52,0.00165155,13.7266,6.97782,0,0.0092033,2.34572,9.04038,32.11,32.22,0,25.6908,5.68613,0,0,95.71,0.772503,0,0,0,0,4.24257,0,5.01,0.281326,0,0,0,5.29,1.68655,2.21883,1.17244,0,0.0048978,7.573,1.50574,14.1615,5.84282,0,4.27899,0.947065,0,0,25.2303,1.30829,2.28627,1.16221,0,0.00153287,7.5743,1.50574,13.8383,5.84282,0,4.27899,0.947065,0,0,24.9072,
mumr-baseline/cz10,2020-01-09 15:49:48,"instance","Mid-Rise Mixed-Use (5-story)","CTZ10S22A","Pol  0% RetAdd NoLeak",113100,141000,"Title24Compliance",5:08,PASS,0.39,"--","--","Successful (221 warnings)",6.14581,132780,52715.8,0,199.811,17132.5,81975.2,284810,217441,0,149101,34551.8,0,0,685904,2221.51,0,0,0,0,8811.3,0,11032.8,586.724,0,0,0,11619.5,0,0,0,0,0,0,0,0,0,0,0,0,0,5.27687,38.9137,13.8182,0,0.0444144,23.042,19.6646,100.76,55.5738,0,38.1082,8.48018,0,0,202.922,177.512,25.4099,0,2003.5,"Thermal Zone: F5 Corridor",0,79.25,"Thermal Zone: F5 Corridor",0,"--","--","Successful (225 warnings)",9.70415,139854,53478.7,0,59.6767,17147.4,81975.2,292525,217441,0,149101,34551.8,0,0,693619,2090.01,0,0,0,0,7897.7,0,9987.71,586.724,0,0,0,10574.4,0,0,0,0,0,0,0,0,0,0,0,0,0,4.98346,41.2424,14.1718,0,0.0148189,21.0816,19.6646,101.159,55.5738,0,38.1082,8.48018,0,0,203.321,180.17,23.1511,0,0,,0,0,,0,9.54087e-06,44.6137,10.638,0,0.00859128,2.55429,14.4394,72.254,38.321,0,25.7371,3.94427,0,0,140.256,4.40753e-06,48.1342,10.8969,0,0.000625953,2.54593,14.4394,76.017,38.321,0,25.7371,3.94427,0,0,144.019,"CBECC-Com 2022.0.1 RV (1113)","BEMCmpMgr 2022.0.1 RV (6107)","CA 2022 Nonresidential, Vers. 1.0 Alpha","1.11.3.f52686d8e1","9.0.1-bb7ca4f0da","CSE19 0.865.0+dhwloop.68861ec.94 EXE","C:\Users\agoyal\Documents\CBECC-Com 2022 Data\EPW\","C:\Users\agoyal\Documents\GitHub\T24-2022-CASE-Modeling\framework\analysis\hvac\runs\mumr-baseline\cz10\",0.00131035,14.5395,7.19606,0,0.029096,2.34047,9.04229,33.15,32.22,0,25.6908,5.68613,0,0,96.75,1.06518,0,0,0,0,4.2249,0,5.29,0.281326,0,0,0,5.57,0.00207943,14.8464,7.18986,0,0.0119569,2.34809,9.04229,33.44,32.22,0,25.6908,5.68613,0,0,97.04,1.00213,0,0,0,0,3.78684,0,4.79,0.281326,0,0,0,5.07,1.8038,2.42167,1.19856,0,0.00484613,7.5435,1.50606,14.4784,5.84282,0,4.27899,0.947065,0,0,25.5473,1.69718,2.47279,1.19752,0,0.0019915,6.80304,1.50606,13.6786,5.84282,0,4.27899,0.947065,0,0,24.7475,
mumr-baseline/cz12,2020-01-13 12:38:12,"instance","Mid-Rise Mixed-Use (5-story)","CTZ12S22A","Pol  0% RetAdd NoLeak",113100,141000,"Title24Compliance",4:09,FAIL,-0.49,"--","--","Successful (221 warnings)",12.6775,104607,49618.6,0,247.871,17785.7,81978.1,254250,217441,0,149101,34551.8,0,0,655344,4907.21,0,0,0,0,9416.16,0,14323.4,586.724,0,0,0,14910.1,0,0,0,0,0,0,0,0,0,0,0,0,0,11.5303,35.1419,13.3846,0,0.057304,24.3594,19.3544,103.828,55.7605,0,38.6198,8.47903,0,0,206.687,173.859,32.828,0,1637,"Thermal Zone: F5 Corridor",0,347.5,"Thermal Zone: F5 Corridor",0,"--","--","Successful (227 warnings)",18.6231,111902,50432.2,0,101.766,17793.9,81978.1,262226,217441,0,149101,34551.8,0,0,663320,4368.07,0,0,0,0,8420.33,0,12788.4,586.724,0,0,0,13375.1,0,0,0,0,0,0,0,0,0,0,0,0,0,10.3043,37.6825,13.7445,0,0.0273633,22.2334,19.3544,103.346,55.7605,0,38.6198,8.47903,0,0,206.206,176.733,29.4729,0,0,,0,0,,0,2.25569e-05,41.8431,10.1425,0,0.0213758,2.65371,14.3435,69.0042,38.321,0,25.7371,3.94427,0,0,137.007,8.18635e-06,45.3034,10.6128,0,0.00139747,2.65624,14.3435,72.9174,38.321,0,25.7371,3.94427,0,0,140.92,"CBECC-Com 2022.0.1 RV (1113)","BEMCmpMgr 2022.0.1 RV (6107)","CA 2022 Nonresidential, Vers. 1.0 Alpha","1.11.3.f52686d8e1","9.0.1-bb7ca4f0da","CSE19 0.865.0+dhwloop.68861ec.94 EXE","C:\Users\agoyal\Documents\CBECC-Com 2022 Data\EPW\","C:\Users\agoyal\Documents\GitHub\T24-2022-CASE-Modeling\framework\analysis\hvac\runs\mumr-baseline\cz12\",0.0024425,11.5601,6.98981,0,0.0363265,2.41725,9.06133,30.07,32.1279,0,25.58,5.65158,0,0,93.43,2.35294,0,0,0,0,4.51492,0,6.86,0.281326,0,0,0,7.14,0.00367912,12.2299,7.05034,0,0.0209832,2.42436,9.06133,30.78,32.1279,0,25.58,5.65158,0,0,94.14,2.09443,0,0,0,0,4.03744,0,6.13,0.281326,0,0,0,6.41,4.04128,1.92542,1.1642,0,0.00605043,8.1564,1.50923,16.8026,5.83428,0,4.26052,0.941311,0,0,27.8387,3.59753,2.03698,1.17428,0,0.0034949,7.33757,1.50923,15.6591,5.83428,0,4.26052,0.941311,0,0,26.6952,
mumr-baseline/cz13,2020-01-09 16:11:54,"instance","Mid-Rise Mixed-Use (5-story)","CTZ13S22A","Pol  0% RetAdd NoLeak",113100,141000,"Title24Compliance",5:39,PASS,0.68,"--","--","Successful (221 warnings)",11.3127,146054,55991.4,0,204.576,17510.4,81965,301737,217441,0,149101,34551.8,0,0,702831,4065.74,0,0,0,0,8753.33,0,12819.1,586.724,0,0,0,13405.8,0,0,0,0,0,0,0,0,0,0,0,0,0,9.64444,46.5892,15.053,0,0.0467912,22.9651,19.5209,113.819,55.5512,0,38.1996,8.45706,0,0,216.027,186.417,29.6107,0,2091,"Thermal Zone: F5 Corridor",0,226.25,"Thermal Zone: F5 Corridor",0,"--","--","Successful (229 warnings)",16.6509,155160,56560.8,0,85.4043,17521.3,81965,311309,217441,0,149101,34551.8,0,0,712403,3854.5,0,0,0,0,7848.11,0,11702.6,586.724,0,0,0,12289.3,0,0,0,0,0,0,0,0,0,0,0,0,0,9.16195,49.4654,15.3068,0,0.0235361,21.0214,19.5209,114.5,55.5512,0,38.1996,8.45706,0,0,216.708,189.526,27.1814,0,0,,0,0,,0,5.11512e-06,56.6525,12.2572,0,0.00594959,2.55399,14.3902,85.8598,38.321,0,25.7371,3.94427,0,0,153.862,2.12507e-06,60.5677,12.4109,0,0.000351248,2.55171,14.3902,89.9209,38.321,0,25.7371,3.94427,0,0,157.923,"CBECC-Com 2022.0.1 RV (1113)","BEMCmpMgr 2022.0.1 RV (6107)","CA 2022 Nonresidential, Vers. 1.0 Alpha","1.11.3.f52686d8e1","9.0.1-bb7ca4f0da","CSE19 0.865.0+dhwloop.68861ec.94 EXE","C:\Users\agoyal\Documents\CBECC-Com 2022 Data\EPW\","C:\Users\agoyal\Documents\GitHub\T24-2022-CASE-Modeling\framework\analysis\hvac\runs\mumr-baseline\cz13\",0.00220034,17.356,7.7649,0,0.0310106,2.38368,9.06089,36.59,32.1279,0,25.58,5.65158,0,0,99.95,1.94947,0,0,0,0,4.1971,0,6.15,0.281326,0,0,0,6.43,0.00332291,17.932,7.76055,0,0.0182903,2.38987,9.06089,37.16,32.1279,0,25.58,5.65158,0,0,100.52,1.84818,0,0,0,0,3.76306,0,5.61,0.281326,0,0,0,5.89,3.34833,2.89077,1.2933,0,0.00516503,7.605,1.50916,16.6517,5.83428,0,4.26052,0.941311,0,0,27.6878,3.17456,2.98671,1.29257,0,0.00304638,6.86062,1.50916,15.8267,5.83428,0,4.26052,0.941311,0,0,26.8628,
mumr-baseline/cz14,2020-01-09 16:18:55,"instance","Mid-Rise Mixed-Use (5-story)","CTZ14S22A","Pol  0% RetAdd NoLeak",113100,141000,"Title24Compliance",6:45,FAIL,-0.29,"--","--","Successful (222 warnings)",9.72802,131442,56043.2,0,186.284,17777.5,81912.7,287371,217441,0,149101,34551.8,0,0,688465,3981.85,0,0,0,0,9097.23,0,13079.1,586.724,0,0,0,13665.8,0,0,0,0,0,0,0,0,0,0,0,0,0,9.50858,41.9606,15.1483,0,0.0422249,23.912,19.8394,110.411,55.4227,0,37.7262,8.4772,0,0,212.037,181.695,30.3422,0,1967.75,"Thermal Zone: F5 Corridor",0,299.25,"Thermal Zone: F5 Corridor",0,"--","--","Successful (225 warnings)",15.4417,137366,56203.2,0,81.216,17785.8,81912.7,293364,217441,0,149101,34551.8,0,0,694458,3855.35,0,0,0,0,8145.1,0,12000.4,586.724,0,0,0,12587.2,0,0,0,0,0,0,0,0,0,0,0,0,0,9.23273,43.8639,15.3154,0,0.0222509,21.8531,19.8394,110.127,55.4227,0,37.7262,8.4772,0,0,211.753,183.747,28.0057,0,0,,0,0,,0,4.11966e-06,47.2091,11.6036,0,0.00489155,2.58614,14.4255,75.8293,38.321,0,25.7371,3.94427,0,0,143.832,1.68109e-06,49.6633,11.5248,0,0.000292559,2.58986,14.4255,78.2037,38.321,0,25.7371,3.94427,0,0,146.206,"CBECC-Com 2022.0.1 RV (1113)","BEMCmpMgr 2022.0.1 RV (6107)","CA 2022 Nonresidential, Vers. 1.0 Alpha","1.11.3.f52686d8e1","9.0.1-bb7ca4f0da","CSE19 0.865.0+dhwloop.68861ec.94 EXE","C:\Users\agoyal\Documents\CBECC-Com 2022 Data\EPW\","C:\Users\agoyal\Documents\GitHub\T24-2022-CASE-Modeling\framework\analysis\hvac\runs\mumr-baseline\cz14\",0.0020278,14.304,7.64581,0,0.0292586,2.42416,9.02974,33.43,32.22,0,25.6908,5.68613,0,0,97.03,1.90924,0,0,0,0,4.362,0,6.27,0.281326,0,0,0,6.55,0.00330104,14.5933,7.63214,0,0.01841,2.43143,9.02974,33.7,32.22,0,25.6908,5.68613,0,0,97.3,1.84859,0,0,0,0,3.90546,0,5.76,0.281326,0,0,0,6.04,3.23311,2.38245,1.27346,0,0.00487323,7.78958,1.50397,16.1874,5.84282,0,4.27899,0.947065,0,0,27.2563,3.13062,2.43062,1.27119,0,0.00306631,7.01778,1.50397,15.3572,5.84282,0,4.27899,0.947065,0,0,26.4261,
mumr-baseline/cz15,2020-01-09 16:35:14,"instance","Mid-Rise Mixed-Use (5-story)","CTZ15S22A","Pol  0% RetAdd NoLeak",113100,141000,"Title24Compliance",16:04,FAIL,-1.03,"--","--","Successful (221 warnings)",2.15809,242474,68082.7,0,132.597,15692.5,81839.2,408223,217441,0,149101,34551.8,0,0,809317,965.024,0,0,0,0,7184.27,0,8149.3,586.724,0,0,0,8736.02,0,0,0,0,0,0,0,0,0,0,0,0,0,2.33008,69.6702,17.8643,0,0.0305338,19.3124,19.5118,128.719,55.4332,0,38.0763,8.48148,0,0,230.71,211.625,19.085,0,3013.25,"Thermal Zone: F5 Corridor",1,21.25,"Thermal Zone: F5 Corridor",0,"--","--","Successful (227 warnings)",3.52293,248997,66702,0,20.886,15721.6,81839.2,413284,217441,0,149101,34551.8,0,0,814378,699.311,0,0,0,0,6492.19,0,7191.5,586.724,0,0,0,7778.23,0,0,0,0,0,0,0,0,0,0,0,0,0,1.69429,71.2467,17.398,0,0.00518764,17.8154,19.5118,127.671,55.4332,0,38.0763,8.48148,0,0,229.662,212.718,16.9444,0,0,,0,0,,0,2.09439e-06,70.1835,13.5364,0,0.00237918,2.24303,14.4646,100.43,38.321,0,25.7371,3.94427,0,0,168.432,4.123e-07,72.744,12.8794,0,8.82777e-05,2.23829,14.4646,102.326,38.321,0,25.7371,3.94427,0,0,170.329,"CBECC-Com 2022.0.1 RV (1113)","BEMCmpMgr 2022.0.1 RV (6107)","CA 2022 Nonresidential, Vers. 1.0 Alpha","1.11.3.f52686d8e1","9.0.1-bb7ca4f0da","CSE19 0.865.0+dhwloop.68861ec.94 EXE","C:\Users\agoyal\Documents\CBECC-Com 2022 Data\EPW\","C:\Users\agoyal\Documents\GitHub\T24-2022-CASE-Modeling\framework\analysis\hvac\runs\mumr-baseline\cz15\",0.000500694,27.6337,8.98777,0,0.0223128,2.16707,9.03227,47.84,32.22,0,25.6908,5.68613,0,0,111.44,0.462716,0,0,0,0,3.44476,0,3.9,0.281326,0,0,0,4.18,0.000829465,27.6782,8.65331,0,0.0041752,2.17622,9.03227,47.54,32.22,0,25.6908,5.68613,0,0,111.14,0.33531,0,0,0,0,3.11292,0,3.45,0.281326,0,0,0,3.73,0.783563,4.6026,1.49698,0,0.00371634,6.19368,1.50439,14.5849,5.84282,0,4.27899,0.947065,0,0,25.6538,0.567892,4.61001,1.44127,0,0.000695408,5.63332,1.50439,13.7576,5.84282,0,4.27899,0.947065,0,0,24.8265,
mumr-baseline/cz16,2020-01-09 16:42:33,"instance","Mid-Rise Mixed-Use (5-story)","CTZ16S22A","Pol  0% RetAdd NoLeak",113100,141000,"Title24Compliance",7:03,FAIL,-3.44,"--","--","Successful (228 warnings)",21.975,57391.2,51945.8,0,263.545,19384.5,82050.1,211057,217441,0,149101,34551.8,0,0,612151,9957.82,0,0,0,0,10780.9,0,20738.7,586.724,0,0,0,21325.4,0,0,0,0,0,0,0,0,0,0,0,0,0,23.0719,13.3856,12.8249,0,0.0721227,27.7947,18.486,95.6352,57.1015,0,40.9953,8.65104,0,0,202.383,154.968,47.4151,0,1397.5,"Thermal Zone: F5 Corridor",0,928.25,"Thermal Zone: F5 Corridor",0,"--","--","Successful (231 warnings)",34.2618,57889,52210.6,0,187.593,19376.6,82050.1,211748,217441,0,149101,34551.8,0,0,612842,9559.65,0,0,0,0,9599.57,0,19159.2,586.724,0,0,0,19745.9,0,0,0,0,0,0,0,0,0,0,0,0,0,22.1538,13.3689,12.8582,0,0.0612477,25.2578,18.486,92.186,57.1015,0,40.9953,8.65104,0,0,198.934,154.978,43.9562,0,0,,0,0,,0,1.14219e-05,25.098,9.65274,0,0.00975637,2.89992,14.3582,52.0187,38.321,0,25.7371,3.94427,0,0,120.021,1.15615e-05,24.8714,9.5693,0,0.000588631,2.8744,14.3582,51.6739,38.321,0,25.7371,3.94427,0,0,119.676,"CBECC-Com 2022.0.1 RV (1113)","BEMCmpMgr 2022.0.1 RV (6107)","CA 2022 Nonresidential, Vers. 1.0 Alpha","1.11.3.f52686d8e1","9.0.1-bb7ca4f0da","CSE19 0.865.0+dhwloop.68861ec.94 EXE","C:\Users\agoyal\Documents\CBECC-Com 2022 Data\EPW\","C:\Users\agoyal\Documents\GitHub\T24-2022-CASE-Modeling\framework\analysis\hvac\runs\mumr-baseline\cz16\",0.00348814,7.16547,7.50375,0,0.039004,2.61505,9.05037,26.38,32.22,0,25.6908,5.68613,0,0,89.98,4.77464,0,0,0,0,5.16929,0,9.94,0.281326,0,0,0,10.22,0.00563909,6.96129,7.53684,0,0.0355171,2.6194,9.05037,26.22,32.22,0,25.6908,5.68613,0,0,89.82,4.58372,0,0,0,0,4.60287,0,9.18,0.281326,0,0,0,9.46,8.0851,1.19346,1.2498,0,0.00649639,9.18829,1.50741,21.2306,5.84282,0,4.27899,0.947065,0,0,32.2994,7.76219,1.15945,1.25532,0,0.00591563,8.22994,1.50741,19.9202,5.84282,0,4.27899,0.947065,0,0,30.9891,
mumr-case2/cz03,2020-01-09 16:47:58,"instance","Mid-Rise Mixed-Use (5-story)","CTZ03S22A","Pol  0% RetAdd NoLeak",113100,141000,"Title24Compliance",5:08,FAIL,-1.45,"--","--","Successful (221 warnings)",10.7411,50889,41669.5,0,294.397,18055.1,81976.6,192895,217441,0,149101,34551.8,0,0,593989,3965.3,0,0,0,0,9989.59,0,13954.9,586.724,0,0,0,14541.6,0,0,0,0,0,0,0,0,0,0,0,0,0,9.07138,17.635,10.8412,0,0.0707558,25.523,19.3082,82.4496,56.3362,0,39.3474,8.48694,0,0,186.62,155.143,31.4772,0,998,"Thermal Zone: F5 Corridor",0,166.25,"Thermal Zone: F5 Corridor",0,"--","--","Successful (223 warnings)",16.4139,48776.3,41639.7,0,89.4385,18060.6,81875.3,190458,217441,0,149101,34551.8,0,0,591552,3473.93,0,0,0,0,9989.59,0,13463.5,586.724,0,0,0,14050.2,0,0,0,0,0,0,0,0,0,0,0,0,0,7.99383,17.232,10.9464,0,0.0233398,25.5238,19.2893,81.0087,56.3362,0,39.3474,8.48694,0,0,185.179,154.781,30.3983,0,0,,0,0,,0,0.00012643,16.6562,7.06557,0,0.0524891,2.77276,14.3481,40.8953,38.321,0,25.7371,3.94427,0,0,108.898,9.72292e-05,16.0817,7.15948,0,0.00728734,2.76937,14.3426,40.3606,38.321,0,25.7371,3.94427,0,0,108.363,"CBECC-Com 2022.0.1 RV (1113)","BEMCmpMgr 2022.0.1 RV (6107)","CA 2022 Nonresidential, Vers. 1.0 Alpha","1.11.3.f52686d8e1","9.0.1-bb7ca4f0da","CSE19 0.865.0+dhwloop.68861ec.94 EXE","C:\Users\agoyal\Documents\CBECC-Com 2022 Data\EPW\","C:\Users\agoyal\Documents\GitHub\T24-2022-CASE-Modeling\framework\analysis\hvac\runs\mumr-case2\cz03\",0.00196691,5.27685,5.9696,0,0.0376043,2.44869,9.05245,22.79,32.1279,0,25.58,5.65158,0,0,86.15,1.90131,0,0,0,0,4.78987,0,6.69,0.281326,0,0,0,6.97,0.00308605,5.04146,5.93368,0,0.0168917,2.4555,9.0474,22.5,32.1279,0,25.58,5.65158,0,0,85.86,1.6657,0,0,0,0,4.78987,0,6.46,0.281326,0,0,0,6.74,3.26558,0.878896,0.994279,0,0.00626326,8.63383,1.50775,15.2866,5.83428,0,4.26052,0.941311,0,0,26.3227,2.86114,0.839691,0.988296,0,0.00281343,8.63497,1.50691,14.8338,5.83428,0,4.26052,0.941311,0,0,25.8699,
mumr-case2/cz10,2020-01-09 16:53:32,"instance","Mid-Rise Mixed-Use (5-story)","CTZ10S22A","Pol  0% RetAdd NoLeak",113100,141000,"Title24Compliance",5:19,FAIL,-0.05,"--","--","Successful (221 warnings)",6.03324,136750,53478.1,0,196.591,17132.5,82078.2,289642,217441,0,149101,34551.8,0,0,690736,2100.29,0,0,0,0,8811.3,0,10911.6,586.724,0,0,0,11498.3,0,0,0,0,0,0,0,0,0,0,0,0,0,4.99033,39.4973,13.9289,0,0.043512,23.042,19.6858,101.188,55.5738,0,38.1082,8.48018,0,0,203.35,178.227,25.1234,0,2184.25,"Thermal Zone: F5 Corridor",0,120,"Thermal Zone: F5 Corridor",0,"--","--","Successful (225 warnings)",9.70415,139854,53478.7,0,59.6767,17147.4,81975.2,292525,217441,0,149101,34551.8,0,0,693619,2090.01,0,0,0,0,7897.7,0,9987.71,586.724,0,0,0,10574.4,0,0,0,0,0,0,0,0,0,0,0,0,0,4.98346,41.2424,14.1718,0,0.0148189,21.0816,19.6646,101.159,55.5738,0,38.1082,8.48018,0,0,203.321,180.17,23.1511,0,0,,0,0,,0,8.63745e-06,44.1622,10.5701,0,0.0081742,2.55428,14.4432,71.7379,38.321,0,25.7371,3.94427,0,0,139.74,4.40753e-06,48.1342,10.8969,0,0.000625953,2.54593,14.4394,76.017,38.321,0,25.7371,3.94427,0,0,144.019,"CBECC-Com 2022.0.1 RV (1113)","BEMCmpMgr 2022.0.1 RV (6107)","CA 2022 Nonresidential, Vers. 1.0 Alpha","1.11.3.f52686d8e1","9.0.1-bb7ca4f0da","CSE19 0.865.0+dhwloop.68861ec.94 EXE","C:\Users\agoyal\Documents\CBECC-Com 2022 Data\EPW\","C:\Users\agoyal\Documents\GitHub\T24-2022-CASE-Modeling\framework\analysis\hvac\runs\mumr-case2\cz10\",0.00128807,14.7297,7.22423,0,0.0286405,2.34047,9.04718,33.37,32.22,0,25.6908,5.68613,0,0,96.97,1.00706,0,0,0,0,4.2249,0,5.23,0.281326,0,0,0,5.51,0.00207943,14.8464,7.18986,0,0.0119569,2.34809,9.04229,33.44,32.22,0,25.6908,5.68613,0,0,97.04,1.00213,0,0,0,0,3.78684,0,4.79,0.281326,0,0,0,5.07,1.70539,2.45334,1.20325,0,0.00477028,7.5435,1.50688,14.4171,5.84282,0,4.27899,0.947065,0,0,25.486,1.69718,2.47279,1.19752,0,0.0019915,6.80304,1.50606,13.6786,5.84282,0,4.27899,0.947065,0,0,24.7475,
mumr-case2/cz12,2020-01-09 16:58:50,"instance","Mid-Rise Mixed-Use (5-story)","CTZ12S22A","Pol  0% RetAdd NoLeak",113100,141000,"Title24Compliance",5:03,PASS,0.27,"--","--","Successful (221 warnings)",12.3873,107022,49669.4,0,244.904,17785.7,82079.7,256814,217441,0,149101,34551.8,0,0,657908,4482.42,0,0,0,0,9416.16,0,13898.6,586.724,0,0,0,14485.3,0,0,0,0,0,0,0,0,0,0,0,0,0,10.531,35.42,13.3202,0,0.0567514,24.3594,19.3743,103.062,55.7605,0,38.6198,8.47903,0,0,205.921,174.092,31.8287,0,1670.25,"Thermal Zone: F5 Corridor",0,320.5,"Thermal Zone: F5 Corridor",0,"--","--","Successful (227 warnings)",18.6231,111902,50432.2,0,101.766,17793.9,81978.1,262226,217441,0,149101,34551.8,0,0,663320,4368.07,0,0,0,0,8420.33,0,12788.4,586.724,0,0,0,13375.1,0,0,0,0,0,0,0,0,0,0,0,0,0,10.3043,37.6825,13.7445,0,0.0273633,22.2334,19.3544,103.346,55.7605,0,38.6198,8.47903,0,0,206.206,176.733,29.4729,0,0,,0,0,,0,2.30856e-05,41.8998,10.1491,0,0.0224905,2.65352,14.3488,69.0737,38.321,0,25.7371,3.94427,0,0,137.076,8.18635e-06,45.3034,10.6128,0,0.00139747,2.65624,14.3435,72.9174,38.321,0,25.7371,3.94427,0,0,140.92,"CBECC-Com 2022.0.1 RV (1113)","BEMCmpMgr 2022.0.1 RV (6107)","CA 2022 Nonresidential, Vers. 1.0 Alpha","1.11.3.f52686d8e1","9.0.1-bb7ca4f0da","CSE19 0.865.0+dhwloop.68861ec.94 EXE","C:\Users\agoyal\Documents\CBECC-Com 2022 Data\EPW\","C:\Users\agoyal\Documents\GitHub\T24-2022-CASE-Modeling\framework\analysis\hvac\runs\mumr-case2\cz12\",0.00238904,11.8191,6.9447,0,0.035734,2.41733,9.06629,30.29,32.1279,0,25.58,5.65158,0,0,93.65,2.14926,0,0,0,0,4.51492,0,6.66,0.281326,0,0,0,6.94,0.00367912,12.2299,7.05034,0,0.0209832,2.42436,9.06133,30.78,32.1279,0,25.58,5.65158,0,0,94.14,2.09443,0,0,0,0,4.03744,0,6.13,0.281326,0,0,0,6.41,3.69147,1.96855,1.15669,0,0.00595175,8.15642,1.51006,16.4891,5.83428,0,4.26052,0.941311,0,0,27.5252,3.59753,2.03698,1.17428,0,0.0034949,7.33757,1.50923,15.6591,5.83428,0,4.26052,0.941311,0,0,26.6952,
