Time,CORE_ZN THERMAL ZONE:SACRAMENTO-EXECUTIVE-ARP ANN HTG 99.6% CONDNS DB:Des Heat Load [W],CORE_ZN THERMAL ZONE:SACRAMENTO-EXECUTIVE-ARP JUL CLG 0.4% CONDNS DB=>MCWB:Des Sens Cool Load [W],CORE_ZN THERMAL ZONE:SACRAMENTO-EXECUTIVE-ARP ANN HTG 99.6% CONDNS DB:Des Heat Mass Flow [kg/s],CORE_ZN THERMAL ZONE:SACRAMENTO-EXECUTIVE-ARP JUL CLG 0.4% CONDNS DB=>MCWB:Des Cool Mass Flow [kg/s],PERIMETER_ZN_1 THERMAL ZONE:SACRAMENTO-EXECUTIVE-ARP ANN HTG 99.6% CONDNS DB:Des Heat Load [W],PERIMETER_ZN_1 THERMAL ZONE:SACRAMENTO-EXECUTIVE-ARP OCT CLG 0.4% CONDNS DB=>MCWB:Des Sens Cool Load [W],PERIMETER_ZN_1 THERMAL ZONE:SACRAMENTO-EXECUTIVE-ARP ANN HTG 99.6% CONDNS DB:Des Heat Mass Flow [kg/s],PERIMETER_ZN_1 THERMAL ZONE:SACRAMENTO-EXECUTIVE-ARP OCT CLG 0.4% CONDNS DB=>MCWB:Des Cool Mass Flow [kg/s],PERIMETER_ZN_2 THERMAL ZONE:SACRAMENTO-EXECUTIVE-ARP ANN HTG 99.6% CONDNS DB:Des Heat Load [W],PERIMETER_ZN_2 THERMAL ZONE:SACRAMENTO-EXECUTIVE-ARP JUL CLG 0.4% CONDNS DB=>MCWB:Des Sens Cool Load [W],PERIMETER_ZN_2 THERMAL ZONE:SACRAMENTO-EXECUTIVE-ARP ANN HTG 99.6% CONDNS DB:Des Heat Mass Flow [kg/s],PERIMETER_ZN_2 THERMAL ZONE:SACRAMENTO-EXECUTIVE-ARP JUL CLG 0.4% CONDNS DB=>MCWB:Des Cool Mass Flow [kg/s],PERIMETER_ZN_3 THERMAL ZONE:SACRAMENTO-EXECUTIVE-ARP ANN HTG 99.6% CONDNS DB:Des Heat Load [W],PERIMETER_ZN_3 THERMAL ZONE:SACRAMENTO-EXECUTIVE-ARP JUL CLG 0.4% CONDNS DB=>MCWB:Des Sens Cool Load [W],PERIMETER_ZN_3 THERMAL ZONE:SACRAMENTO-EXECUTIVE-ARP ANN HTG 99.6% CONDNS DB:Des Heat Mass Flow [kg/s],PERIMETER_ZN_3 THERMAL ZONE:SACRAMENTO-EXECUTIVE-ARP JUL CLG 0.4% CONDNS DB=>MCWB:Des Cool Mass Flow [kg/s],PERIMETER_ZN_4 THERMAL ZONE:SACRAMENTO-EXECUTIVE-ARP ANN HTG 99.6% CONDNS DB:Des Heat Load [W],PERIMETER_ZN_4 THERMAL ZONE:SACRAMENTO-EXECUTIVE-ARP JUL CLG 0.4% CONDNS DB=>MCWB:Des Sens Cool Load [W],PERIMETER_ZN_4 THERMAL ZONE:SACRAMENTO-EXECUTIVE-ARP ANN HTG 99.6% CONDNS DB:Des Heat Mass Flow [kg/s],PERIMETER_ZN_4 THERMAL ZONE:SACRAMENTO-EXECUTIVE-ARP JUL CLG 0.4% CONDNS DB=>MCWB:Des Cool Mass Flow [kg/s]
00:15:00,1.124319E+03,3.545502E+03,7.938616E-02,3.126419E-01,1.759863E+03,2.485066E+03,1.242608E-01,2.191328E-01,1.081685E+03,1.733057E+03,7.637583E-02,1.528208E-01,1.678546E+03,2.779375E+03,1.185191E-01,2.450850E-01,1.078947E+03,1.798596E+03,7.618247E-02,1.586000E-01
00:30:00,7.490220E+02,2.358320E+03,5.288709E-02,2.079564E-01,1.172654E+03,1.650378E+03,8.279900E-02,1.455301E-01,7.207606E+02,1.150539E+03,5.089161E-02,1.014544E-01,1.118459E+03,1.845946E+03,7.897234E-02,1.627753E-01,7.189361E+02,1.193548E+03,5.076278E-02,1.052469E-01
00:45:00,3.742508E+02,1.323776E+03,2.642518E-02,1.167304E-01,5.860356E+02,8.220834E+02,4.137892E-02,7.249121E-02,3.602005E+02,5.904734E+02,2.543311E-02,5.206787E-02,5.589457E+02,9.642962E+02,3.946615E-02,8.503151E-02,3.592889E+02,6.275118E+02,2.536874E-02,5.533391E-02
01:00:00,0.000000E+00,4.401686E+02,0.000000E+00,3.881401E-02,0.000000E+00,0.000000E+00,0.000000E+00,0.000000E+00,0.000000E+00,7.563827E+01,0.000000E+00,6.669773E-03,0.000000E+00,1.581627E+02,0.000000E+00,1.394677E-02,0.000000E+00,1.139762E+02,0.000000E+00,1.005040E-02
01:15:00,0.000000E+00,8.408920E+02,0.000000E+00,7.414975E-02,0.000000E+00,4.368721E+01,0.000000E+00,3.852333E-03,0.000000E+00,1.920592E+02,0.000000E+00,1.693576E-02,0.000000E+00,3.654067E+02,0.000000E+00,3.222151E-02,0.000000E+00,2.499566E+02,0.000000E+00,2.204114E-02
01:30:00,0.000000E+00,1.244919E+03,0.000000E+00,1.097768E-01,0.000000E+00,1.776916E+02,0.000000E+00,1.566882E-02,0.000000E+00,3.391687E+02,0.000000E+00,2.990785E-02,0.000000E+00,6.173355E+02,0.000000E+00,5.443656E-02,0.000000E+00,4.077604E+02,0.000000E+00,3.595626E-02
01:45:00,0.000000E+00,1.537090E+03,0.000000E+00,1.355404E-01,0.000000E+00,3.350002E+02,0.000000E+00,2.954028E-02,0.000000E+00,4.750618E+02,0.000000E+00,4.189088E-02,0.000000E+00,8.347513E+02,0.000000E+00,7.360826E-02,0.000000E+00,5.426001E+02,0.000000E+00,4.784641E-02
02:00:00,0.000000E+00,1.699102E+03,0.000000E+00,1.498266E-01,0.000000E+00,4.990759E+02,0.000000E+00,4.400845E-02,0.000000E+00,5.825423E+02,0.000000E+00,5.136851E-02,0.000000E+00,1.001502E+03,0.000000E+00,8.831231E-02,0.000000E+00,6.407634E+02,0.000000E+00,5.650244E-02
02:15:00,0.000000E+00,1.765716E+03,0.000000E+00,1.557006E-01,0.000000E+00,6.364425E+02,0.000000E+00,5.612142E-02,0.000000E+00,6.384229E+02,0.000000E+00,5.629605E-02,0.000000E+00,1.084584E+03,0.000000E+00,9.563844E-02,0.000000E+00,6.899134E+02,0.000000E+00,6.083647E-02
02:30:00,0.000000E+00,1.839011E+03,0.000000E+00,1.621638E-01,0.000000E+00,6.930892E+02,0.000000E+00,6.111652E-02,0.000000E+00,6.687102E+02,0.000000E+00,5.896678E-02,0.000000E+00,1.130748E+03,0.000000E+00,9.970919E-02,0.000000E+00,7.220434E+02,0.000000E+00,6.366970E-02
02:45:00,0.000000E+00,1.885155E+03,0.000000E+00,1.662327E-01,0.000000E+00,7.338188E+02,0.000000E+00,6.470805E-02,0.000000E+00,6.965362E+02,0.000000E+00,6.142047E-02,0.000000E+00,1.172746E+03,0.000000E+00,1.034126E-01,0.000000E+00,7.473554E+02,0.000000E+00,6.590171E-02
03:00:00,0.000000E+00,1.922645E+03,0.000000E+00,1.695386E-01,0.000000E+00,7.735711E+02,0.000000E+00,6.821340E-02,0.000000E+00,7.153119E+02,0.000000E+00,6.307611E-02,0.000000E+00,1.201527E+03,0.000000E+00,1.059505E-01,0.000000E+00,7.650210E+02,0.000000E+00,6.745946E-02
03:15:00,0.000000E+00,1.953676E+03,0.000000E+00,1.722749E-01,0.000000E+00,8.009784E+02,0.000000E+00,7.063017E-02,0.000000E+00,7.297276E+02,0.000000E+00,6.434729E-02,0.000000E+00,1.224076E+03,0.000000E+00,1.079388E-01,0.000000E+00,7.784581E+02,0.000000E+00,6.864434E-02
03:30:00,0.000000E+00,1.979907E+03,0.000000E+00,1.745880E-01,0.000000E+00,8.225411E+02,0.000000E+00,7.253157E-02,0.000000E+00,7.409754E+02,0.000000E+00,6.533912E-02,0.000000E+00,1.242100E+03,0.000000E+00,1.095282E-01,0.000000E+00,7.888243E+02,0.000000E+00,6.955843E-02
03:45:00,0.000000E+00,2.002525E+03,0.000000E+00,1.765824E-01,0.000000E+00,8.398177E+02,0.000000E+00,7.405502E-02,0.000000E+00,7.498961E+02,0.000000E+00,6.612574E-02,0.000000E+00,1.256797E+03,0.000000E+00,1.108242E-01,0.000000E+00,7.969312E+02,0.000000E+00,7.027329E-02
04:00:00,0.000000E+00,2.022396E+03,0.000000E+00,1.783346E-01,0.000000E+00,8.539119E+02,0.000000E+00,7.529784E-02,0.000000E+00,7.570839E+02,0.000000E+00,6.675956E-02,0.000000E+00,1.269011E+03,0.000000E+00,1.119012E-01,0.000000E+00,8.033549E+02,0.000000E+00,7.083973E-02
04:15:00,0.000000E+00,2.040184E+03,0.000000E+00,1.799032E-01,0.000000E+00,8.657426E+02,0.000000E+00,7.634107E-02,0.000000E+00,7.631089E+02,0.000000E+00,6.729085E-02,0.000000E+00,1.279560E+03,0.000000E+00,1.128314E-01,0.000000E+00,8.086519E+02,0.000000E+00,7.130682E-02
04:30:00,0.000000E+00,2.056356E+03,0.000000E+00,1.813292E-01,0.000000E+00,8.758915E+02,0.000000E+00,7.723601E-02,0.000000E+00,7.682829E+02,0.000000E+00,6.774709E-02,0.000000E+00,1.288885E+03,0.000000E+00,1.136537E-01,0.000000E+00,8.131254E+02,0.000000E+00,7.170129E-02
04:45:00,0.000000E+00,2.071286E+03,0.000000E+00,1.826457E-01,0.000000E+00,8.847910E+02,0.000000E+00,7.802076E-02,0.000000E+00,7.728524E+02,0.000000E+00,6.815002E-02,0.000000E+00,1.297335E+03,0.000000E+00,1.143989E-01,0.000000E+00,8.170156E+02,0.000000E+00,7.204433E-02
05:00:00,0.000000E+00,2.085236E+03,0.000000E+00,1.838759E-01,0.000000E+00,8.927397E+02,0.000000E+00,7.872167E-02,0.000000E+00,7.769955E+02,0.000000E+00,6.851537E-02,0.000000E+00,1.305164E+03,0.000000E+00,1.150892E-01,0.000000E+00,8.204966E+02,0.000000E+00,7.235129E-02
05:15:00,1.352261E+03,4.212810E+03,9.548071E-02,3.714851E-01,1.752026E+03,2.750863E+03,1.237074E-01,2.425707E-01,1.057276E+03,1.860573E+03,7.465235E-02,1.640651E-01,1.677146E+03,3.082484E+03,1.184202E-01,2.718130E-01,1.053915E+03,1.883745E+03,7.441501E-02,1.661084E-01
05:30:00,1.352261E+03,4.292899E+03,9.548071E-02,3.785473E-01,2.003307E+03,2.904402E+03,1.414499E-01,2.561098E-01,1.258322E+03,2.066179E+03,8.884785E-02,1.821954E-01,1.910413E+03,3.289313E+03,1.348908E-01,2.900512E-01,1.254143E+03,2.049329E+03,8.855277E-02,1.807096E-01
05:45:00,2.179209E+03,5.447348E+03,1.538700E-01,4.803464E-01,3.113126E+03,3.865505E+03,2.198122E-01,3.408598E-01,1.954478E+03,2.757340E+03,1.380022E-01,2.431419E-01,2.984514E+03,4.291556E+03,2.107311E-01,3.784288E-01,1.949087E+03,2.674359E+03,1.376216E-01,2.358246E-01
06:00:00,2.753725E+03,6.300415E+03,1.944356E-01,5.555698E-01,3.925868E+03,4.584536E+03,2.771985E-01,4.042638E-01,2.469045E+03,3.330781E+03,1.743348E-01,2.937078E-01,3.765880E+03,5.060471E+03,2.659020E-01,4.462317E-01,2.462524E+03,3.154734E+03,1.738744E-01,2.781840E-01
06:15:00,1.939303E+03,4.992465E+03,1.369307E-01,4.402349E-01,2.944830E+03,3.410628E+03,2.079291E-01,3.007487E-01,1.896362E+03,2.822890E+03,1.338987E-01,2.489221E-01,2.829776E+03,4.020495E+03,1.998054E-01,3.545267E-01,1.892144E+03,2.547380E+03,1.336009E-01,2.246276E-01
06:30:00,2.453679E+03,5.702605E+03,1.732499E-01,5.028550E-01,3.433647E+03,3.916411E+03,2.424436E-01,3.453486E-01,2.158057E+03,3.201126E+03,1.523765E-01,2.822749E-01,3.307038E+03,4.527905E+03,2.335040E-01,3.992701E-01,2.153616E+03,2.821136E+03,1.520630E-01,2.487675E-01
06:45:00,2.121742E+03,5.317246E+03,1.498124E-01,4.688741E-01,3.041493E+03,3.601398E+03,2.147544E-01,3.175708E-01,1.908807E+03,3.106129E+03,1.347774E-01,2.738981E-01,2.921276E+03,4.224827E+03,2.062660E-01,3.725447E-01,1.904545E+03,2.624594E+03,1.344765E-01,2.314364E-01
07:00:00,2.027066E+03,5.218290E+03,1.431275E-01,4.601481E-01,2.929777E+03,3.524947E+03,2.068663E-01,3.108294E-01,1.829450E+03,3.143240E+03,1.291742E-01,2.771705E-01,2.811776E+03,4.146094E+03,1.985345E-01,3.656021E-01,1.825290E+03,2.565992E+03,1.288804E-01,2.262688E-01
07:15:00,1.957210E+03,5.155585E+03,1.381951E-01,4.546188E-01,2.847291E+03,3.496749E+03,2.010421E-01,3.083428E-01,1.771259E+03,3.197806E+03,1.250654E-01,2.819821E-01,2.730182E+03,4.103120E+03,1.927732E-01,3.618126E-01,1.767131E+03,2.532204E+03,1.247739E-01,2.232894E-01
07:30:00,1.901430E+03,5.114662E+03,1.342566E-01,4.510102E-01,2.785925E+03,3.507364E+03,1.967092E-01,3.092789E-01,1.728188E+03,3.259532E+03,1.220243E-01,2.874251E-01,2.669421E+03,4.083335E+03,1.884830E-01,3.600680E-01,1.724077E+03,2.514279E+03,1.217340E-01,2.217088E-01
07:45:00,1.857509E+03,5.089954E+03,1.311554E-01,4.488315E-01,2.739274E+03,3.552387E+03,1.934152E-01,3.132490E-01,1.695655E+03,3.322211E+03,1.197271E-01,2.929521E-01,2.623205E+03,4.081863E+03,1.852198E-01,3.599382E-01,1.691551E+03,2.508928E+03,1.194374E-01,2.212369E-01
08:00:00,1.822638E+03,5.077480E+03,1.286932E-01,4.477316E-01,2.703020E+03,3.627955E+03,1.908554E-01,3.199126E-01,1.670574E+03,3.382877E+03,1.179562E-01,2.983017E-01,2.587281E+03,4.093620E+03,1.826832E-01,3.609748E-01,1.666476E+03,2.513179E+03,1.176669E-01,2.216118E-01
08:15:00,1.794560E+03,5.074411E+03,1.267106E-01,4.474609E-01,2.674137E+03,3.729159E+03,1.888160E-01,3.288368E-01,1.650834E+03,3.438473E+03,1.165624E-01,3.032041E-01,2.558676E+03,4.113443E+03,1.806635E-01,3.627229E-01,1.646740E+03,2.524346E+03,1.162733E-01,2.225965E-01
08:30:00,1.771616E+03,5.078843E+03,1.250906E-01,4.478517E-01,2.650695E+03,3.851102E+03,1.871608E-01,3.395897E-01,1.634940E+03,3.487458E+03,1.154402E-01,3.075236E-01,2.535467E+03,4.138954E+03,1.790247E-01,3.649725E-01,1.630850E+03,2.541108E+03,1.151513E-01,2.240746E-01
08:45:00,1.752591E+03,5.089428E+03,1.237473E-01,4.487851E-01,2.631291E+03,3.988164E+03,1.857907E-01,3.516758E-01,1.621916E+03,3.529974E+03,1.145206E-01,3.112727E-01,2.516267E+03,4.168178E+03,1.776691E-01,3.675494E-01,1.617830E+03,2.561950E+03,1.142320E-01,2.259124E-01
09:00:00,1.736589E+03,5.105090E+03,1.226174E-01,4.501662E-01,2.614930E+03,4.136443E+03,1.846355E-01,3.647511E-01,1.611043E+03,3.564892E+03,1.137529E-01,3.143517E-01,2.500091E+03,4.201226E+03,1.765269E-01,3.704636E-01,1.606962E+03,2.586422E+03,1.134647E-01,2.280704E-01
09:15:00,1.722941E+03,5.124710E+03,1.216537E-01,4.518963E-01,2.600894E+03,4.291506E+03,1.836445E-01,3.784244E-01,1.601803E+03,3.589355E+03,1.131004E-01,3.165088E-01,2.486228E+03,4.238604E+03,1.755481E-01,3.737596E-01,1.597727E+03,2.614042E+03,1.128126E-01,2.305059E-01
09:30:00,1.711169E+03,5.147936E+03,1.208226E-01,4.539443E-01,2.588682E+03,4.450070E+03,1.827822E-01,3.924066E-01,1.593831E+03,3.604121E+03,1.125375E-01,3.178110E-01,2.474179E+03,4.279688E+03,1.746973E-01,3.773823E-01,1.589762E+03,2.644002E+03,1.122503E-01,2.331477E-01
09:45:00,1.700860E+03,5.172194E+03,1.200947E-01,4.560834E-01,2.577881E+03,4.610149E+03,1.820195E-01,4.065224E-01,1.586834E+03,3.607899E+03,1.120435E-01,3.181441E-01,2.463534E+03,4.322499E+03,1.739457E-01,3.811574E-01,1.582773E+03,2.674864E+03,1.117568E-01,2.358692E-01
10:00:00,1.691712E+03,5.197588E+03,1.194488E-01,4.583226E-01,2.568191E+03,4.768762E+03,1.813354E-01,4.205088E-01,1.580600E+03,3.600313E+03,1.116033E-01,3.174751E-01,2.453997E+03,4.366858E+03,1.732723E-01,3.850690E-01,1.576547E+03,2.706384E+03,1.113171E-01,2.386486E-01
10:15:00,1.683506E+03,5.224262E+03,1.188693E-01,4.606747E-01,2.559397E+03,4.924183E+03,1.807144E-01,4.342138E-01,1.574974E+03,3.583416E+03,1.112061E-01,3.159851E-01,2.445351E+03,4.411866E+03,1.726619E-01,3.890378E-01,1.570929E+03,2.737921E+03,1.109205E-01,2.414296E-01
10:30:00,1.676037E+03,5.251685E+03,1.183419E-01,4.630929E-01,2.551306E+03,5.073267E+03,1.801432E-01,4.473601E-01,1.569824E+03,3.556729E+03,1.108424E-01,3.136319E-01,2.437407E+03,4.457410E+03,1.721009E-01,3.930538E-01,1.565788E+03,2.769479E+03,1.105574E-01,2.442123E-01
10:45:00,1.669202E+03,5.281513E+03,1.178593E-01,4.657232E-01,2.543818E+03,5.214967E+03,1.796144E-01,4.598551E-01,1.565076E+03,3.522721E+03,1.105072E-01,3.106331E-01,2.430063E+03,4.504571E+03,1.715824E-01,3.972125E-01,1.561049E+03,2.801746E+03,1.102228E-01,2.470576E-01
11:00:00,1.662902E+03,5.312736E+03,1.174145E-01,4.684764E-01,2.536839E+03,5.348929E+03,1.791216E-01,4.716679E-01,1.560666E+03,3.484335E+03,1.101958E-01,3.072482E-01,2.423226E+03,4.552476E+03,1.710996E-01,4.014368E-01,1.556647E+03,2.834262E+03,1.099120E-01,2.499249E-01
11:15:00,1.657044E+03,5.344588E+03,1.170009E-01,4.712851E-01,2.530284E+03,5.473858E+03,1.786588E-01,4.826841E-01,1.556534E+03,3.445209E+03,1.099041E-01,3.037981E-01,2.416812E+03,4.599878E+03,1.706467E-01,4.056167E-01,1.552524E+03,2.866279E+03,1.096210E-01,2.527481E-01
11:30:00,1.651558E+03,5.376403E+03,1.166136E-01,4.740905E-01,2.524088E+03,5.590398E+03,1.782213E-01,4.929606E-01,1.552637E+03,3.409830E+03,1.096289E-01,3.006784E-01,2.410754E+03,4.646083E+03,1.702190E-01,4.096910E-01,1.548636E+03,2.897376E+03,1.093464E-01,2.554903E-01
11:45:00,1.646358E+03,5.408049E+03,1.162464E-01,4.768811E-01,2.518173E+03,5.697555E+03,1.778037E-01,5.024097E-01,1.548923E+03,3.382296E+03,1.093667E-01,2.982504E-01,2.404976E+03,4.690847E+03,1.698110E-01,4.136383E-01,1.544932E+03,2.927375E+03,1.090849E-01,2.581356E-01
12:00:00,1.641443E+03,5.438358E+03,1.158993E-01,4.795537E-01,2.512537E+03,5.793249E+03,1.774057E-01,5.108480E-01,1.545390E+03,3.364028E+03,1.091172E-01,2.966396E-01,2.399476E+03,4.733243E+03,1.694226E-01,4.173768E-01,1.541408E+03,2.955692E+03,1.088360E-01,2.606325E-01
12:15:00,1.636782E+03,5.467335E+03,1.155703E-01,4.821089E-01,2.507154E+03,5.876921E+03,1.770256E-01,5.182262E-01,1.542019E+03,3.353326E+03,1.088792E-01,2.956959E-01,2.394225E+03,4.773645E+03,1.690519E-01,4.209394E-01,1.538045E+03,2.982588E+03,1.085986E-01,2.630042E-01
12:30:00,1.632336E+03,5.494786E+03,1.152563E-01,4.845296E-01,2.501986E+03,5.947837E+03,1.766607E-01,5.244795E-01,1.538786E+03,3.347074E+03,1.086509E-01,2.951446E-01,2.389189E+03,4.811952E+03,1.686963E-01,4.243173E-01,1.534821E+03,3.007081E+03,1.083709E-01,2.651640E-01
12:45:00,1.628075E+03,5.520283E+03,1.149555E-01,4.867778E-01,2.497006E+03,6.005294E+03,1.763091E-01,5.295461E-01,1.535673E+03,3.342331E+03,1.084311E-01,2.947263E-01,2.384338E+03,4.847904E+03,1.683538E-01,4.274875E-01,1.531717E+03,3.029871E+03,1.081518E-01,2.671737E-01
13:00:00,1.623935E+03,5.544517E+03,1.146632E-01,4.889148E-01,2.492155E+03,6.049579E+03,1.759666E-01,5.334511E-01,1.532643E+03,3.337660E+03,1.082172E-01,2.943145E-01,2.379616E+03,4.882030E+03,1.680204E-01,4.304968E-01,1.528696E+03,3.054798E+03,1.079385E-01,2.693717E-01
13:15:00,1.619903E+03,5.567128E+03,1.143784E-01,4.909086E-01,2.487420E+03,6.080119E+03,1.756322E-01,5.361441E-01,1.529688E+03,3.333683E+03,1.080085E-01,2.939638E-01,2.375007E+03,4.914027E+03,1.676950E-01,4.333183E-01,1.525750E+03,3.086492E+03,1.077305E-01,2.721665E-01
13:30:00,1.615976E+03,5.588051E+03,1.141012E-01,4.927536E-01,2.482799E+03,6.096923E+03,1.753060E-01,5.376259E-01,1.526806E+03,3.331044E+03,1.078050E-01,2.937311E-01,2.370511E+03,4.943736E+03,1.673775E-01,4.359380E-01,1.522876E+03,3.130839E+03,1.075275E-01,2.760770E-01
13:45:00,1.612149E+03,5.607165E+03,1.138309E-01,4.944391E-01,2.478287E+03,6.099979E+03,1.749874E-01,5.378953E-01,1.523992E+03,3.329681E+03,1.076064E-01,2.936108E-01,2.366122E+03,4.970978E+03,1.670676E-01,4.383402E-01,1.520071E+03,3.191192E+03,1.073295E-01,2.813989E-01
14:00:00,1.608412E+03,5.624463E+03,1.135671E-01,4.959644E-01,2.473877E+03,6.089302E+03,1.746760E-01,5.369539E-01,1.521243E+03,3.329301E+03,1.074123E-01,2.935773E-01,2.361833E+03,4.995653E+03,1.667648E-01,4.405161E-01,1.517331E+03,3.267030E+03,1.071360E-01,2.880863E-01
14:15:00,1.604759E+03,5.639897E+03,1.133092E-01,4.973254E-01,2.469561E+03,6.064513E+03,1.743713E-01,5.347680E-01,1.518554E+03,3.329141E+03,1.072224E-01,2.935633E-01,2.357637E+03,5.017185E+03,1.664685E-01,4.424147E-01,1.514650E+03,3.354858E+03,1.069467E-01,2.958310E-01
14:30:00,1.601185E+03,5.653373E+03,1.130568E-01,4.985137E-01,2.465335E+03,6.025481E+03,1.740729E-01,5.313262E-01,1.515922E+03,3.328702E+03,1.070365E-01,2.935245E-01,2.353529E+03,5.035450E+03,1.661784E-01,4.440254E-01,1.512026E+03,3.449982E+03,1.067614E-01,3.042189E-01
14:45:00,1.597684E+03,5.664796E+03,1.128096E-01,4.995209E-01,2.461194E+03,5.972028E+03,1.737805E-01,5.266127E-01,1.513344E+03,3.327465E+03,1.068545E-01,2.934154E-01,2.349503E+03,5.050270E+03,1.658942E-01,4.453321E-01,1.509455E+03,3.547533E+03,1.065799E-01,3.128210E-01
15:00:00,1.594251E+03,5.674049E+03,1.125672E-01,5.003369E-01,2.457134E+03,5.904027E+03,1.734938E-01,5.206163E-01,1.510816E+03,3.325008E+03,1.066760E-01,2.931988E-01,2.345557E+03,5.061380E+03,1.656156E-01,4.463119E-01,1.506936E+03,3.643094E+03,1.064020E-01,3.212476E-01
15:15:00,1.590884E+03,5.680981E+03,1.123294E-01,5.009482E-01,2.453150E+03,5.822416E+03,1.732125E-01,5.134199E-01,1.508337E+03,3.320352E+03,1.065009E-01,2.927882E-01,2.341686E+03,5.067727E+03,1.653422E-01,4.468715E-01,1.504464E+03,3.735077E+03,1.062275E-01,3.293586E-01
15:30:00,1.587577E+03,5.685402E+03,1.120960E-01,5.013380E-01,2.449239E+03,5.726898E+03,1.729364E-01,5.049972E-01,1.505903E+03,3.313436E+03,1.063291E-01,2.921784E-01,2.337886E+03,5.069466E+03,1.650739E-01,4.470248E-01,1.502039E+03,3.820213E+03,1.060562E-01,3.368659E-01
15:45:00,1.584328E+03,5.687094E+03,1.118666E-01,5.014872E-01,2.445399E+03,5.618244E+03,1.726652E-01,4.954161E-01,1.503514E+03,3.304015E+03,1.061604E-01,2.913477E-01,2.334154E+03,5.066375E+03,1.648104E-01,4.467523E-01,1.499657E+03,3.896892E+03,1.058881E-01,3.436275E-01
16:00:00,1.581135E+03,5.685825E+03,1.116411E-01,5.013753E-01,2.441625E+03,5.497964E+03,1.723987E-01,4.848098E-01,1.501168E+03,3.291798E+03,1.059947E-01,2.902703E-01,2.330488E+03,5.058225E+03,1.645515E-01,4.460336E-01,1.497318E+03,3.964287E+03,1.057229E-01,3.495703E-01
16:15:00,1.578042E+03,5.681436E+03,1.114227E-01,5.009883E-01,2.437966E+03,5.368032E+03,1.721404E-01,4.733524E-01,1.498894E+03,3.277515E+03,1.058342E-01,2.890109E-01,2.326935E+03,5.046159E+03,1.643007E-01,4.449696E-01,1.495052E+03,4.020334E+03,1.055629E-01,3.545126E-01
16:30:00,1.574999E+03,5.673818E+03,1.112078E-01,5.003165E-01,2.434369E+03,5.232122E+03,1.718864E-01,4.613678E-01,1.496659E+03,3.260765E+03,1.056764E-01,2.875338E-01,2.323441E+03,5.029749E+03,1.640540E-01,4.435226E-01,1.492824E+03,4.065283E+03,1.054056E-01,3.584761E-01
16:45:00,1.572036E+03,5.662915E+03,1.109986E-01,4.993551E-01,2.430864E+03,5.093729E+03,1.716389E-01,4.491644E-01,1.494482E+03,3.240853E+03,1.055227E-01,2.857780E-01,2.320038E+03,5.007822E+03,1.638137E-01,4.415891E-01,1.490655E+03,4.099411E+03,1.052525E-01,3.614855E-01
17:00:00,1.569160E+03,5.648694E+03,1.107956E-01,4.981011E-01,2.427459E+03,4.955651E+03,1.713985E-01,4.369887E-01,1.492369E+03,3.218136E+03,1.053735E-01,2.837748E-01,2.316733E+03,4.981431E+03,1.635804E-01,4.392620E-01,1.488548E+03,4.121311E+03,1.051037E-01,3.634167E-01
17:15:00,1.566309E+03,5.631112E+03,1.105943E-01,4.965507E-01,2.424088E+03,4.820528E+03,1.711605E-01,4.250735E-01,1.490277E+03,3.192679E+03,1.052258E-01,2.815300E-01,2.313461E+03,4.952040E+03,1.633493E-01,4.366703E-01,1.486463E+03,4.129914E+03,1.049565E-01,3.641753E-01
17:30:00,1.563524E+03,5.610200E+03,1.103976E-01,4.947067E-01,2.420793E+03,4.691065E+03,1.709278E-01,4.136576E-01,1.488233E+03,3.164536E+03,1.050815E-01,2.790484E-01,2.310264E+03,4.921482E+03,1.631236E-01,4.339757E-01,1.484427E+03,4.124405E+03,1.048127E-01,3.636895E-01
17:45:00,1.560766E+03,5.586038E+03,1.102029E-01,4.925761E-01,2.417535E+03,4.571006E+03,1.706978E-01,4.030707E-01,1.486213E+03,3.134382E+03,1.049388E-01,2.763894E-01,2.307101E+03,4.892898E+03,1.629003E-01,4.314551E-01,1.482413E+03,4.103032E+03,1.046705E-01,3.618048E-01
18:00:00,1.558023E+03,5.558767E+03,1.100092E-01,4.901713E-01,2.414300E+03,4.461848E+03,1.704694E-01,3.934451E-01,1.484207E+03,3.101948E+03,1.047972E-01,2.735294E-01,2.303961E+03,4.867053E+03,1.626786E-01,4.291761E-01,1.480414E+03,4.065594E+03,1.045294E-01,3.585036E-01
18:15:00,1.555302E+03,5.528628E+03,1.098170E-01,4.875138E-01,2.411098E+03,4.363576E+03,1.702433E-01,3.847796E-01,1.482221E+03,3.067007E+03,1.046570E-01,2.704483E-01,2.300852E+03,4.843103E+03,1.624590E-01,4.270642E-01,1.478435E+03,4.010894E+03,1.043896E-01,3.536801E-01
18:30:00,1.552606E+03,5.495960E+03,1.096267E-01,4.846331E-01,2.407931E+03,4.275317E+03,1.700197E-01,3.769969E-01,1.480258E+03,3.029708E+03,1.045184E-01,2.671592E-01,2.297778E+03,4.819063E+03,1.622419E-01,4.249444E-01,1.476479E+03,3.937504E+03,1.042515E-01,3.472086E-01
18:45:00,1.549937E+03,5.461044E+03,1.094382E-01,4.815542E-01,2.404803E+03,4.194190E+03,1.697988E-01,3.698431E-01,1.478319E+03,2.989842E+03,1.043814E-01,2.636439E-01,2.294739E+03,4.791119E+03,1.620274E-01,4.224803E-01,1.474546E+03,3.844032E+03,1.041150E-01,3.389663E-01
19:00:00,1.547295E+03,5.424014E+03,1.092517E-01,4.782889E-01,2.401712E+03,4.119284E+03,1.695806E-01,3.632379E-01,1.476403E+03,2.947759E+03,1.042462E-01,2.599331E-01,2.291738E+03,4.753520E+03,1.618155E-01,4.191647E-01,1.472637E+03,3.727509E+03,1.039802E-01,3.286913E-01
19:15:00,1.544681E+03,5.384644E+03,1.090672E-01,4.748172E-01,2.398661E+03,4.050918E+03,1.693651E-01,3.572095E-01,1.474512E+03,2.904364E+03,1.041127E-01,2.561064E-01,2.288775E+03,4.699593E+03,1.616062E-01,4.144095E-01,1.470752E+03,3.586838E+03,1.038471E-01,3.162869E-01
19:30:00,1.542095E+03,5.343975E+03,1.088846E-01,4.712310E-01,2.395648E+03,3.988391E+03,1.691524E-01,3.516958E-01,1.472646E+03,2.860147E+03,1.039808E-01,2.522074E-01,2.285848E+03,4.628924E+03,1.613996E-01,4.081779E-01,1.468892E+03,3.434346E+03,1.037158E-01,3.028402E-01
19:45:00,1.539537E+03,5.301783E+03,1.087040E-01,4.675106E-01,2.392674E+03,3.931021E+03,1.689424E-01,3.466370E-01,1.470803E+03,2.816811E+03,1.038508E-01,2.483860E-01,2.282959E+03,4.549466E+03,1.611957E-01,4.011713E-01,1.467055E+03,3.287702E+03,1.035861E-01,2.899091E-01
20:00:00,1.537007E+03,5.259310E+03,1.085253E-01,4.637653E-01,2.389739E+03,3.878193E+03,1.687352E-01,3.419786E-01,1.468985E+03,2.775166E+03,1.037224E-01,2.447137E-01,2.280108E+03,4.467765E+03,1.609943E-01,3.939670E-01,1.465243E+03,3.157995E+03,1.034582E-01,2.784716E-01
20:15:00,1.534506E+03,5.216840E+03,1.083487E-01,4.600203E-01,2.386842E+03,3.829127E+03,1.685306E-01,3.376519E-01,1.467191E+03,2.735429E+03,1.035957E-01,2.412098E-01,2.277293E+03,4.391712E+03,1.607956E-01,3.872606E-01,1.463456E+03,3.053879E+03,1.033320E-01,2.692907E-01
20:30:00,1.532032E+03,5.173811E+03,1.081740E-01,4.562260E-01,2.383983E+03,3.783333E+03,1.683288E-01,3.336138E-01,1.465421E+03,2.697694E+03,1.034707E-01,2.378824E-01,2.274515E+03,4.323489E+03,1.605994E-01,3.812447E-01,1.461691E+03,2.970387E+03,1.032074E-01,2.619283E-01
20:45:00,1.529585E+03,5.131762E+03,1.080012E-01,4.525181E-01,2.381161E+03,3.740403E+03,1.681295E-01,3.298283E-01,1.463675E+03,2.661543E+03,1.033474E-01,2.346946E-01,2.271774E+03,4.259258E+03,1.604059E-01,3.755809E-01,1.459951E+03,2.897417E+03,1.030845E-01,2.554938E-01
21:00:00,1.527166E+03,5.090321E+03,1.078304E-01,4.488638E-01,2.378377E+03,3.700002E+03,1.679329E-01,3.262657E-01,1.461951E+03,2.626653E+03,1.032258E-01,2.316179E-01,2.269068E+03,4.198388E+03,1.602148E-01,3.702134E-01,1.458233E+03,2.832695E+03,1.029632E-01,2.497867E-01
21:15:00,1.524773E+03,5.050996E+03,1.076615E-01,4.453962E-01,2.375629E+03,3.661619E+03,1.677389E-01,3.228811E-01,1.460251E+03,2.593433E+03,1.031057E-01,2.286886E-01,2.266397E+03,4.141690E+03,1.600262E-01,3.652137E-01,1.456539E+03,2.775455E+03,1.028436E-01,2.447393E-01
21:30:00,1.522408E+03,5.014125E+03,1.074945E-01,4.421449E-01,2.372917E+03,3.625004E+03,1.675474E-01,3.196524E-01,1.458574E+03,2.562015E+03,1.029873E-01,2.259181E-01,2.263761E+03,4.089284E+03,1.598401E-01,3.605925E-01,1.454867E+03,2.724764E+03,1.027255E-01,2.402694E-01
21:45:00,1.520069E+03,4.979342E+03,1.073293E-01,4.390778E-01,2.370240E+03,3.589931E+03,1.673584E-01,3.165596E-01,1.456919E+03,2.532192E+03,1.028704E-01,2.232884E-01,2.261160E+03,4.040639E+03,1.596564E-01,3.563031E-01,1.453218E+03,2.679482E+03,1.026091E-01,2.362764E-01
22:00:00,1.517755E+03,4.946789E+03,1.071660E-01,4.362072E-01,2.367599E+03,3.556197E+03,1.671719E-01,3.135850E-01,1.455286E+03,2.503923E+03,1.027551E-01,2.207956E-01,2.258592E+03,3.995510E+03,1.594751E-01,3.523236E-01,1.451590E+03,2.638766E+03,1.024942E-01,2.326860E-01
22:15:00,1.515468E+03,4.915885E+03,1.070045E-01,4.334821E-01,2.364992E+03,3.523772E+03,1.669878E-01,3.107258E-01,1.453674E+03,2.477078E+03,1.026413E-01,2.184284E-01,2.256058E+03,3.953443E+03,1.592962E-01,3.486141E-01,1.449984E+03,2.601848E+03,1.023808E-01,2.294306E-01
22:30:00,1.513206E+03,4.886646E+03,1.068447E-01,4.309038E-01,2.362419E+03,3.492576E+03,1.668062E-01,3.079749E-01,1.452085E+03,2.451604E+03,1.025291E-01,2.161821E-01,2.253557E+03,3.914192E+03,1.591196E-01,3.451529E-01,1.448400E+03,2.568162E+03,1.022689E-01,2.264602E-01
22:45:00,1.510969E+03,4.858917E+03,1.066868E-01,4.284587E-01,2.359880E+03,3.462528E+03,1.666269E-01,3.053253E-01,1.450516E+03,2.427401E+03,1.024183E-01,2.140479E-01,2.251088E+03,3.877441E+03,1.589453E-01,3.419122E-01,1.446836E+03,2.537202E+03,1.021585E-01,2.237302E-01
23:00:00,1.508757E+03,4.832554E+03,1.065306E-01,4.261340E-01,2.357374E+03,3.433635E+03,1.664499E-01,3.027775E-01,1.448968E+03,2.404377E+03,1.023090E-01,2.120177E-01,2.248651E+03,3.842919E+03,1.587732E-01,3.388681E-01,1.445294E+03,2.508560E+03,1.020496E-01,2.212045E-01
23:15:00,1.506569E+03,4.807430E+03,1.063761E-01,4.239186E-01,2.354901E+03,3.405631E+03,1.662753E-01,3.003081E-01,1.447441E+03,2.382273E+03,1.022012E-01,2.100685E-01,2.246246E+03,3.810133E+03,1.586034E-01,3.359770E-01,1.443772E+03,2.481726E+03,1.019421E-01,2.188383E-01
23:30:00,1.504405E+03,4.783421E+03,1.062233E-01,4.218015E-01,2.352459E+03,3.378482E+03,1.661029E-01,2.979141E-01,1.445934E+03,2.361000E+03,1.020948E-01,2.081926E-01,2.243872E+03,3.778863E+03,1.584358E-01,3.332196E-01,1.442270E+03,2.456419E+03,1.018361E-01,2.166067E-01
23:45:00,1.502265E+03,4.760410E+03,1.060722E-01,4.197723E-01,2.350050E+03,3.352044E+03,1.659328E-01,2.955828E-01,1.444446E+03,2.340470E+03,1.019898E-01,2.063823E-01,2.241529E+03,3.748912E+03,1.582703E-01,3.305786E-01,1.440788E+03,2.432400E+03,1.017314E-01,2.144887E-01
24:00:00,1.500149E+03,4.738305E+03,1.059228E-01,4.178231E-01,2.347671E+03,3.326232E+03,1.657648E-01,2.933067E-01,1.442979E+03,2.320610E+03,1.018861E-01,2.046311E-01,2.239215E+03,3.720119E+03,1.581070E-01,3.280396E-01,1.439325E+03,2.409480E+03,1.016281E-01,2.124676E-01
Peak,2.753725E+03,6.300415E+03,1.944356E-01,5.555698E-01,3.925868E+03,6.099979E+03,2.771985E-01,5.378953E-01,2.469045E+03,3.607899E+03,1.743348E-01,3.181441E-01,3.765880E+03,5.069466E+03,2.659020E-01,4.470248E-01,2.462524E+03,4.129914E+03,1.738744E-01,3.641753E-01

Peak Vol Flow (m3/s),,,1.615457E-01,4.615920E-01,,,2.303088E-01,4.469073E-01,,,1.448451E-01,2.643282E-01,,,2.209232E-01,3.714080E-01,,,1.444625E-01,3.025730E-01
